
INSERT INTO `puddybuddy`.`stores` (`store_id`, `store_name`) VALUES ('1', '앤블랭크');
INSERT INTO `puddybuddy`.`stores` (`store_id`, `store_name`) VALUES ('2', '예일');
INSERT INTO `puddybuddy`.`stores` (`store_id`, `store_name`) VALUES ('3', '펫데렐라 프로젝트');
INSERT INTO `puddybuddy`.`stores` (`store_id`, `store_name`) VALUES ('4', '플로트');
INSERT INTO `puddybuddy`.`stores` (`store_id`, `store_name`) VALUES ('5', 'MLB');

INSERT INTO `puddybuddy`.`sizes` (`size_id`, `name`) VALUES ('1', 'XS');
INSERT INTO `puddybuddy`.`sizes` (`size_id`, `name`) VALUES ('2', 'S');
INSERT INTO `puddybuddy`.`sizes` (`size_id`, `name`) VALUES ('3', 'M');
INSERT INTO `puddybuddy`.`sizes` (`size_id`, `name`) VALUES ('4', 'L');
INSERT INTO `puddybuddy`.`sizes` (`size_id`, `name`) VALUES ('5', 'XL');

INSERT INTO `puddybuddy`.`colors` (`color_id`, `name`) VALUES ('1', '블랙');
INSERT INTO `puddybuddy`.`colors` (`color_id`, `name`) VALUES ('2', '그레이');
INSERT INTO `puddybuddy`.`colors` (`color_id`, `name`) VALUES ('3', '화이트');
INSERT INTO `puddybuddy`.`colors` (`color_id`, `name`) VALUES ('4', '블루');
INSERT INTO `puddybuddy`.`colors` (`color_id`, `name`) VALUES ('5', '그린');
INSERT INTO `puddybuddy`.`colors` (`color_id`, `name`) VALUES ('6', '베이지');
INSERT INTO `puddybuddy`.`colors` (`color_id`, `name`) VALUES ('7', '네이비');
INSERT INTO `puddybuddy`.`colors` (`color_id`, `name`) VALUES ('8', '핑크');
INSERT INTO `puddybuddy`.`colors` (`color_id`, `name`) VALUES ('9', '브라운');
INSERT INTO `puddybuddy`.`colors` (`color_id`, `name`) VALUES ('10', '옐로우');
INSERT INTO `puddybuddy`.`colors` (`color_id`, `name`) VALUES ('11', '퍼플');
INSERT INTO `puddybuddy`.`colors` (`color_id`, `name`) VALUES ('12', '레드');
INSERT INTO `puddybuddy`.`colors` (`color_id`, `name`) VALUES ('13', '스카이블루');
INSERT INTO `puddybuddy`.`colors` (`color_id`, `name`) VALUES ('14', '라벤더');
INSERT INTO `puddybuddy`.`colors` (`color_id`, `name`) VALUES ('15', '오렌지');
INSERT INTO `puddybuddy`.`colors` (`color_id`, `name`) VALUES ('16', '민트');
INSERT INTO `puddybuddy`.`colors` (`color_id`, `name`) VALUES ('17', '카키');
INSERT INTO `puddybuddy`.`colors` (`color_id`, `name`) VALUES ('18', '와인');
INSERT INTO `puddybuddy`.`colors` (`color_id`, `name`) VALUES ('19', '기타');

INSERT INTO `puddybuddy`.`personal_colors` (`personal_color_id`, `name`) VALUES ('1', '봄웜');
INSERT INTO `puddybuddy`.`personal_colors` (`personal_color_id`, `name`) VALUES ('2', '여름쿨');
INSERT INTO `puddybuddy`.`personal_colors` (`personal_color_id`, `name`) VALUES ('3', '가을웜');
INSERT INTO `puddybuddy`.`personal_colors` (`personal_color_id`, `name`) VALUES ('4', '겨울쿨');

INSERT INTO clothes (clothes_id, color_id, personal_color_id, store_id, content, name, shopping_site_url) VALUES (1, 8, 4, 1, 'content_ex', '뚱이 스냅 풀오버', 'https://www.musinsa.com/app/goods/3607325');
INSERT INTO clothes (clothes_id, color_id, personal_color_id, store_id, content, name, shopping_site_url) VALUES (2, 10, 1, 1, 'content_ex', '스폰지밥 스냅 풀오버', 'https://www.musinsa.com/app/goods/3607314');
INSERT INTO clothes (clothes_id, color_id, personal_color_id, store_id, content, name, shopping_site_url) VALUES (3, 16, 2, 1, 'content_ex', '핑핑이 에어로히트 티셔츠', 'https://www.musinsa.com/app/goods/3607294');
INSERT INTO clothes (clothes_id, color_id, personal_color_id, store_id, content, name, shopping_site_url) VALUES (4, 8, 4, 1, 'content_ex', '다람이 에어로히트 티셔츠', 'https://www.musinsa.com/app/goods/3607287');
INSERT INTO clothes (clothes_id, color_id, personal_color_id, store_id, content, name, shopping_site_url) VALUES (5, 10, 1, 1, 'content_ex', '스폰지밥 에어로히트 티셔츠', 'https://www.musinsa.com/app/goods/3607267');
INSERT INTO clothes (clothes_id, color_id, personal_color_id, store_id, content, name, shopping_site_url) VALUES (6, 10, 3, 1, 'content_ex', '징징이 숏슬리브', 'https://www.musinsa.com/app/goods/3606469');
INSERT INTO clothes (clothes_id, color_id, personal_color_id, store_id, content, name, shopping_site_url) VALUES (7, 15, 3, 1, 'content_ex', '뚱이 숏슬리브', 'https://www.musinsa.com/app/goods/3606441');
INSERT INTO clothes (clothes_id, color_id, personal_color_id, store_id, content, name, shopping_site_url) VALUES (8, 13, 2, 1, 'content_ex', '스폰지밥 숏슬리브', 'https://www.musinsa.com/app/goods/3606419');
INSERT INTO clothes (clothes_id, color_id, personal_color_id, store_id, content, name, shopping_site_url) VALUES (9, 10, 3, 1, 'content_ex', '조이베어 레인코트 자켓', 'https://www.musinsa.com/app/goods/3369080');
INSERT INTO clothes (clothes_id, color_id, personal_color_id, store_id, content, name, shopping_site_url) VALUES (10, 3, 4, 1, 'content_ex', '조이베어 레인보우 버그가드 쿨링 탑', 'https://www.musinsa.com/app/goods/3356030');
INSERT INTO clothes (clothes_id, color_id, personal_color_id, store_id, content, name, shopping_site_url) VALUES (11, 3, 1, 1, 'content_ex', '정글 리조트 크롭 탑', 'https://www.musinsa.com/app/goods/3355984');
INSERT INTO clothes (clothes_id, color_id, personal_color_id, store_id, content, name, shopping_site_url) VALUES (12, 8, 2, 1, 'content_ex', '스트로베리 패치 크롭 탑', 'https://www.musinsa.com/app/goods/3355974');
INSERT INTO clothes (clothes_id, color_id, personal_color_id, store_id, content, name, shopping_site_url) VALUES (13, 6, 3, 1, 'content_ex', '앤블랭크x제시카닐슨 체리 반팔', 'https://www.musinsa.com/app/goods/3081847');
INSERT INTO clothes (clothes_id, color_id, personal_color_id, store_id, content, name, shopping_site_url) VALUES (14, 7, 4, 1, 'content_ex', 'ABK FARM 펠트 스냅 풀오버', 'https://www.musinsa.com/app/goods/3081834');
INSERT INTO clothes (clothes_id, color_id, personal_color_id, store_id, content, name, shopping_site_url) VALUES (15, 8, 2, 1, 'content_ex', '밀크카우 와플 스트라이프 반팔', 'https://www.musinsa.com/app/goods/3081813');
INSERT INTO clothes (clothes_id, color_id, personal_color_id, store_id, content, name, shopping_site_url) VALUES (16, 15, 3, 1, 'content_ex', '선데이덕 맨투맨 : 탠저린', 'https://www.musinsa.com/app/goods/3081707');
INSERT INTO clothes (clothes_id, color_id, personal_color_id, store_id, content, name, shopping_site_url) VALUES (17, 10, 4, 1, 'content_ex', '밀크카우 맨투맨 : 라임', 'https://www.musinsa.com/app/goods/3081642');
INSERT INTO clothes (clothes_id, color_id, personal_color_id, store_id, content, name, shopping_site_url) VALUES (18, 14, 2, 1, 'content_ex', '밀크카우 민소매 : 라벤더', 'https://www.musinsa.com/app/goods/3081625');
INSERT INTO clothes (clothes_id, color_id, personal_color_id, store_id, content, name, shopping_site_url) VALUES (19, 8, 1, 1, 'content_ex', '젤리펀트 니트', 'https://www.musinsa.com/app/goods/2868276');
INSERT INTO clothes (clothes_id, color_id, personal_color_id, store_id, content, name, shopping_site_url) VALUES (20, 1, 3, 1, 'content_ex', '조이베어 터틀넥 니트', 'https://www.musinsa.com/app/goods/2868178');
INSERT INTO clothes (clothes_id, color_id, personal_color_id, store_id, content, name, shopping_site_url) VALUES (21, 18, 4, 1, 'content_ex', '트위티 패럿 스트라이프 티셔츠', 'https://www.musinsa.com/app/goods/2868063');
INSERT INTO clothes (clothes_id, color_id, personal_color_id, store_id, content, name, shopping_site_url) VALUES (22, 15, 3, 1, 'content_ex', '앤블랭크x제시카닐슨 튤립 숏슬리브', 'https://www.musinsa.com/app/goods/2784930');
INSERT INTO clothes (clothes_id, color_id, personal_color_id, store_id, content, name, shopping_site_url) VALUES (23, 13, 2, 1, 'content_ex', '젤리펀트 에어로 히트 티셔츠', 'https://www.musinsa.com/app/goods/2868103');
INSERT INTO clothes (clothes_id, color_id, personal_color_id, store_id, content, name, shopping_site_url) VALUES (24, 5, 1, 1, 'content_ex', '앤블랭크x제시카닐슨 카멜리아 롬퍼', 'https://www.musinsa.com/app/goods/2784850');
INSERT INTO clothes (clothes_id, color_id, personal_color_id, store_id, content, name, shopping_site_url) VALUES (25, 4, 4, 1, 'content_ex', '앤블랭크x제시카닐슨 모닝글로리 롬퍼', 'https://www.musinsa.com/app/goods/2784758');
INSERT INTO clothes (clothes_id, color_id, personal_color_id, store_id, content, name, shopping_site_url) VALUES (26, 13, 2, 1, 'content_ex', '와이키키 플라밍고 버그가드 쿨링 탑', 'https://www.musinsa.com/app/goods/2593006');
INSERT INTO clothes (clothes_id, color_id, personal_color_id, store_id, content, name, shopping_site_url) VALUES (27, 3, 2, 1, 'content_ex', '와이키키 플라밍고 크롭 탑', 'https://www.musinsa.com/app/goods/2592986');
INSERT INTO clothes (clothes_id, color_id, personal_color_id, store_id, content, name, shopping_site_url) VALUES (28, 15, 3, 1, 'content_ex', '레이지 크로크다일 리버시블 패딩 : 탠저린', 'https://www.musinsa.com/app/goods/2200310');
INSERT INTO clothes (clothes_id, color_id, personal_color_id, store_id, content, name, shopping_site_url) VALUES (29, 13, 2, 1, 'content_ex', ' 드리밍 피글리 니트 : 블루 그린', 'https://www.musinsa.com/app/goods/2148419');
INSERT INTO clothes (clothes_id, color_id, personal_color_id, store_id, content, name, shopping_site_url) VALUES (30, 11, 3, 1, 'content_ex', '미스테리 아울 체크 니트 : 퍼플 머스타드', 'https://www.musinsa.com/app/goods/2147544');
INSERT INTO clothes (clothes_id, color_id, personal_color_id, store_id, content, name, shopping_site_url) VALUES (31, 8, 1, 1, 'content_ex', '버니 린넨 탑 : 베이비 핑크', 'https://www.musinsa.com/app/goods/1921088');
INSERT INTO clothes (clothes_id, color_id, personal_color_id, store_id, content, name, shopping_site_url) VALUES (32, 13, 2, 1, 'content_ex', '럭키 클로버 린넨 탑 : 베이비 블루', 'https://www.musinsa.com/app/goods/1921078');
INSERT INTO clothes (clothes_id, color_id, personal_color_id, store_id, content, name, shopping_site_url) VALUES (33, 10, 3, 1, 'content_ex', '레오파드 : 다크 네이비', 'https://www.musinsa.com/app/goods/1714877');
INSERT INTO clothes (clothes_id, color_id, personal_color_id, store_id, content, name, shopping_site_url) VALUES (34, 1, 4, 2, 'content_ex', '2 TONE ARCH DOGGY HOODIE BLACK', 'https://www.musinsa.com/app/goods/2194199');
INSERT INTO clothes (clothes_id, color_id, personal_color_id, store_id, content, name, shopping_site_url) VALUES (35, 2, 1, 2, 'content_ex', '2 TONE ARCH DOGGY HOODIE GRAY', 'https://www.musinsa.com/app/goods/2194205');
INSERT INTO clothes (clothes_id, color_id, personal_color_id, store_id, content, name, shopping_site_url) VALUES (36, 1, 3, 2, 'content_ex', 'EMBROIDERY UNIVERSITY DAN DOGGY HOODIE BLACK', 'https://www.musinsa.com/app/goods/2319998');
INSERT INTO clothes (clothes_id, color_id, personal_color_id, store_id, content, name, shopping_site_url) VALUES (37, 6, 1, 2, 'content_ex', 'EMBROIDERY UNIVERSITY DAN DOGGY CREWNECK IVORY', 'https://www.musinsa.com/app/goods/2320002');
INSERT INTO clothes (clothes_id, color_id, personal_color_id, store_id, content, name, shopping_site_url) VALUES (38, 4, 4, 2, 'content_ex', 'UNIVERSITY DAN DOGGY TEE BLUE', 'https://www.musinsa.com/app/goods/2517195');
INSERT INTO clothes (clothes_id, color_id, personal_color_id, store_id, content, name, shopping_site_url) VALUES (39, 3, 2, 2, 'content_ex', 'EMBROIDERY UNIVERSITY DAN DOGGY COLOR BLOCK CREWNECK NAVY', 'https://www.musinsa.com/app/goods/2571282');
INSERT INTO clothes (clothes_id, color_id, personal_color_id, store_id, content, name, shopping_site_url) VALUES (40, 7, 4, 2, 'content_ex', ' CHECK EMBROIDERY UNIVERSITY DAN DOGGY SHIRT NAVY', 'https://www.musinsa.com/app/goods/2571292');
INSERT INTO clothes (clothes_id, color_id, personal_color_id, store_id, content, name, shopping_site_url) VALUES (41, 2, 1, 2, 'content_ex', ' UNIVERSITY DAN DOGGY HOODIE GRAY', 'https://www.musinsa.com/app/goods/2767048');
INSERT INTO clothes (clothes_id, color_id, personal_color_id, store_id, content, name, shopping_site_url) VALUES (42, 7, 4, 2, 'content_ex', 'UNIVERSITY DAN DOGGY HOODIE NAVY', 'https://www.musinsa.com/app/goods/2767051');
INSERT INTO clothes (clothes_id, color_id, personal_color_id, store_id, content, name, shopping_site_url) VALUES (43, 7, 4, 2, 'content_ex', '[ONEMILE WEAR] CABLE DOGGY KNIT NAVY', 'https://www.musinsa.com/app/goods/3022359');
INSERT INTO clothes (clothes_id, color_id, personal_color_id, store_id, content, name, shopping_site_url) VALUES (44, 6, 2, 2, 'content_ex', 'ARCH EMBLEM DOGGY HOODIE IVORY', 'https://www.musinsa.com/app/goods/3036604');
INSERT INTO clothes (clothes_id, color_id, personal_color_id, store_id, content, name, shopping_site_url) VALUES (45, 10, 1, 2, 'content_ex', '2 TONE ARCH MESH DOGGY SLEEVELESS YELLOW', 'https://www.musinsa.com/app/goods/3307218');
INSERT INTO clothes (clothes_id, color_id, personal_color_id, store_id, content, name, shopping_site_url) VALUES (46, 7, 4, 2, 'content_ex', ' DOGGY WIND BREAKER NAVY', 'https://www.musinsa.com/app/goods/3060233');
INSERT INTO clothes (clothes_id, color_id, personal_color_id, store_id, content, name, shopping_site_url) VALUES (47, 3, 2, 2, 'content_ex', 'DOGGY WIND BREAKER IVORY', 'https://www.musinsa.com/app/goods/3060231');
INSERT INTO clothes (clothes_id, color_id, personal_color_id, store_id, content, name, shopping_site_url) VALUES (48, 12, 1, 3, 'content_ex', '세일러 티셔츠 (레드)', 'https://www.musinsa.com/app/goods/554116');
INSERT INTO clothes (clothes_id, color_id, personal_color_id, store_id, content, name, shopping_site_url) VALUES (49, 7, 2, 3, 'content_ex', '인디고데님 세일러 티셔츠', 'https://www.musinsa.com/app/goods/1053016');
INSERT INTO clothes (clothes_id, color_id, personal_color_id, store_id, content, name, shopping_site_url) VALUES (50, 10, 3, 3, 'content_ex', '체크 러플 블라우스', 'https://www.musinsa.com/app/goods/761352');
INSERT INTO clothes (clothes_id, color_id, personal_color_id, store_id, content, name, shopping_site_url) VALUES (51, 13, 2, 3, 'content_ex', '클래식 샤워 가운', 'https://www.musinsa.com/app/goods/560857');
INSERT INTO clothes (clothes_id, color_id, personal_color_id, store_id, content, name, shopping_site_url) VALUES (52, 12, 2, 3, 'content_ex', '세일러 쇼츠 (네이비)', 'https://www.musinsa.com/app/goods/556124');
INSERT INTO clothes (clothes_id, color_id, personal_color_id, store_id, content, name, shopping_site_url) VALUES (53, 7, 4, 3, 'content_ex', '세일러 티셔츠 (네이비)', 'https://www.musinsa.com/app/goods/554051');
INSERT INTO clothes (clothes_id, color_id, personal_color_id, store_id, content, name, shopping_site_url) VALUES (54, 1, 0, 3, 'content_ex', '-', 'https://www.musinsa.com/app/goods/470296');
INSERT INTO clothes (clothes_id, color_id, personal_color_id, store_id, content, name, shopping_site_url) VALUES (55, 1, 0, 3, 'content_ex', '-', 'https://www.musinsa.com/app/goods/470295');
INSERT INTO clothes (clothes_id, color_id, personal_color_id, store_id, content, name, shopping_site_url) VALUES (56, 12, 1, 4, 'content_ex', '데일리피케셔츠 레드 강아지옷', 'https://www.musinsa.com/app/goods/3198135');
INSERT INTO clothes (clothes_id, color_id, personal_color_id, store_id, content, name, shopping_site_url) VALUES (57, 4, 2, 4, 'content_ex', '데일리피케셔츠 블루 강아지옷', 'https://www.musinsa.com/app/goods/3198134');
INSERT INTO clothes (clothes_id, color_id, personal_color_id, store_id, content, name, shopping_site_url) VALUES (58, 10, 3, 4, 'content_ex', '데일리피케셔츠 옐로우 강아지옷', 'https://www.musinsa.com/app/goods/3198124');
INSERT INTO clothes (clothes_id, color_id, personal_color_id, store_id, content, name, shopping_site_url) VALUES (59, 5, 3, 4, 'content_ex', '베이직 하프넥티셔츠 그린 강아지옷', 'https://www.musinsa.com/app/goods/3133712');
INSERT INTO clothes (clothes_id, color_id, personal_color_id, store_id, content, name, shopping_site_url) VALUES (60, 8, 3, 4, 'content_ex', '베이직 하프넥티셔츠 인디핑크 강아지옷', 'https://www.musinsa.com/app/goods/3133702');
INSERT INTO clothes (clothes_id, color_id, personal_color_id, store_id, content, name, shopping_site_url) VALUES (61, 10, 1, 4, 'content_ex', '플러피후리스 콤비 맨투맨 옐로우 강아지옷', 'https://www.musinsa.com/app/goods/2866574');
INSERT INTO clothes (clothes_id, color_id, personal_color_id, store_id, content, name, shopping_site_url) VALUES (62, 16, 2, 4, 'content_ex', '릴렉스보더 티셔츠 민트옐로우 강아지옷', 'https://www.musinsa.com/app/goods/2746844');
INSERT INTO clothes (clothes_id, color_id, personal_color_id, store_id, content, name, shopping_site_url) VALUES (63, 8, 2, 4, 'content_ex', '릴렉스보더 티셔츠 스카이핑크 강아지옷', 'https://www.musinsa.com/app/goods/2746842');
INSERT INTO clothes (clothes_id, color_id, personal_color_id, store_id, content, name, shopping_site_url) VALUES (64, 15, 4, 4, 'content_ex', '후르츠 티셔츠 자몽오렌지 강아지옷', 'https://www.musinsa.com/app/goods/2746819');
INSERT INTO clothes (clothes_id, color_id, personal_color_id, store_id, content, name, shopping_site_url) VALUES (65, 8, 4, 4, 'content_ex', '스탠다드유니크 맨투맨 레몬핑크 강아지옷', 'https://www.musinsa.com/app/goods/2746717');
INSERT INTO clothes (clothes_id, color_id, personal_color_id, store_id, content, name, shopping_site_url) VALUES (66, 10, 1, 4, 'content_ex', '스탠다드 후리스집업 강아지옷 옐로우', 'https://www.musinsa.com/app/goods/2213336');
INSERT INTO clothes (clothes_id, color_id, personal_color_id, store_id, content, name, shopping_site_url) VALUES (67, 16, 2, 4, 'content_ex', '스탠다드 후리스집업 강아지옷 민트', 'https://www.musinsa.com/app/goods/2213333');
INSERT INTO clothes (clothes_id, color_id, personal_color_id, store_id, content, name, shopping_site_url) VALUES (68, 16, 4, 4, 'content_ex', '플러피후리스 하프넥민소매 강아지옷 터키쉬블루', 'https://www.musinsa.com/app/goods/2176839');
INSERT INTO clothes (clothes_id, color_id, personal_color_id, store_id, content, name, shopping_site_url) VALUES (69, 7, 4, 4, 'content_ex', '플러피후리스 하프넥민소매 강아지옷 네이비', 'https://www.musinsa.com/app/goods/2176836');
INSERT INTO clothes (clothes_id, color_id, personal_color_id, store_id, content, name, shopping_site_url) VALUES (70, 8, 4, 4, 'content_ex', '플러피후리스 하프넥민소매 강아지옷 핑크', 'https://www.musinsa.com/app/goods/2176835');
INSERT INTO clothes (clothes_id, color_id, personal_color_id, store_id, content, name, shopping_site_url) VALUES (71, 12, 1, 5, 'content_ex', 'PET 메가로고 다운점퍼 B (Red)', 'https://www.musinsa.com/app/goods/2129519');
INSERT INTO clothes (clothes_id, color_id, personal_color_id, store_id, content, name, shopping_site_url) VALUES (72, 14, 2, 5, 'content_ex', 'PET 메가로고 다운점퍼 LA (L.Lavender)', 'https://www.musinsa.com/app/goods/2129520');
INSERT INTO clothes (clothes_id, color_id, personal_color_id, store_id, content, name, shopping_site_url) VALUES (73, 1, 4, 5, 'content_ex', 'PET 메가로고 다운점퍼 NY (Black)', 'https://www.musinsa.com/app/goods/2129518');
INSERT INTO clothes (clothes_id, color_id, personal_color_id, store_id, content, name, shopping_site_url) VALUES (74, 6, 3, 5, 'content_ex', 'PET 모노그램 다운점퍼 B (Beige)', 'https://www.musinsa.com/app/goods/2129516');
INSERT INTO clothes (clothes_id, color_id, personal_color_id, store_id, content, name, shopping_site_url) VALUES (75, 2, 4, 5, 'content_ex', 'PET 모노그램 다운점퍼 NY (Black)', 'https://www.musinsa.com/app/goods/2129515');
INSERT INTO clothes (clothes_id, color_id, personal_color_id, store_id, content, name, shopping_site_url) VALUES (76, 8, 2, 5, 'content_ex', 'PET MONOGRAM 후드 NY (D.Pink)', 'https://www.musinsa.com/app/goods/2129511');
INSERT INTO clothes (clothes_id, color_id, personal_color_id, store_id, content, name, shopping_site_url) VALUES (77, 8, 1, 5, 'content_ex', 'PET MLB LIKE 후드 P (Coral)', 'https://www.musinsa.com/app/goods/2129510');
INSERT INTO clothes (clothes_id, color_id, personal_color_id, store_id, content, name, shopping_site_url) VALUES (78, 7, 2, 5, 'content_ex', 'PET MLB LIKE 후드 B (L.Navy)', 'https://www.musinsa.com/app/goods/2129509');
INSERT INTO clothes (clothes_id, color_id, personal_color_id, store_id, content, name, shopping_site_url) VALUES (79, 1, 4, 5, 'content_ex', 'PET MLB LIKE 후드 NY (Black)', 'https://www.musinsa.com/app/goods/2129508');
INSERT INTO clothes (clothes_id, color_id, personal_color_id, store_id, content, name, shopping_site_url) VALUES (80, 14, 2, 5, 'content_ex', 'PET 메가로고 후리스 점퍼 LA (L.Lavender)', 'https://www.musinsa.com/app/goods/2129488');
INSERT INTO clothes (clothes_id, color_id, personal_color_id, store_id, content, name, shopping_site_url) VALUES (81, 13, 2, 5, 'content_ex', 'PET 메가로고 후리스 점퍼 NY (L.Blue)', 'https://www.musinsa.com/app/goods/2129483');
INSERT INTO clothes (clothes_id, color_id, personal_color_id, store_id, content, name, shopping_site_url) VALUES (82, 14, 4, 5, 'content_ex', 'PET 빅로고 맨투맨 LA (L.Lavender)', 'https://www.musinsa.com/app/goods/2129421');
INSERT INTO clothes (clothes_id, color_id, personal_color_id, store_id, content, name, shopping_site_url) VALUES (83, 16, 4, 5, 'content_ex', 'PET 빅로고 맨투맨 P (Mint)', 'https://www.musinsa.com/app/goods/2129419');
INSERT INTO clothes (clothes_id, color_id, personal_color_id, store_id, content, name, shopping_site_url) VALUES (84, 9, 3, 5, 'content_ex', 'PET 빅로고 맨투맨 B (Brown)', 'https://www.musinsa.com/app/goods/2129417');
INSERT INTO clothes (clothes_id, color_id, personal_color_id, store_id, content, name, shopping_site_url) VALUES (85, 12, 1, 5, 'content_ex', 'PET 빅로고 맨투맨 B (Red)', 'https://www.musinsa.com/app/goods/2129416');
INSERT INTO clothes (clothes_id, color_id, personal_color_id, store_id, content, name, shopping_site_url) VALUES (86, 13, 2, 5, 'content_ex', 'PET MLB LIKE 맨투맨 NY (L.Blue)', 'https://www.musinsa.com/app/goods/2129412');
INSERT INTO clothes (clothes_id, color_id, personal_color_id, store_id, content, name, shopping_site_url) VALUES (87, 8, 1, 5, 'content_ex', 'PET MLB LIKE PLANET 맨투맨 P (Coral)', 'https://www.musinsa.com/app/goods/2129410');
INSERT INTO clothes (clothes_id, color_id, personal_color_id, store_id, content, name, shopping_site_url) VALUES (88, 7, 2, 5, 'content_ex', 'PET MLB LIKE PLANET 맨투맨 B (L.Navy)', 'https://www.musinsa.com/app/goods/2129408');
INSERT INTO clothes (clothes_id, color_id, personal_color_id, store_id, content, name, shopping_site_url) VALUES (89, 6, 1, 5, 'content_ex', 'PET MLB LIKE PLANET 맨투맨 NY (Cream)', 'https://www.musinsa.com/app/goods/2129407');
INSERT INTO clothes (clothes_id, color_id, personal_color_id, store_id, content, name, shopping_site_url) VALUES (90, 4, 2, 5, 'content_ex', 'PET 빅로고 맨투맨 LA (BLUE)', 'https://www.musinsa.com/app/goods/1951233');
INSERT INTO clothes (clothes_id, color_id, personal_color_id, store_id, content, name, shopping_site_url) VALUES (91, 8, 4, 5, 'content_ex', 'PET 로고 레인코트 NY (PINK)', 'https://www.musinsa.com/app/goods/1870402');
INSERT INTO clothes (clothes_id, color_id, personal_color_id, store_id, content, name, shopping_site_url) VALUES (92, 14, 2, 5, 'content_ex', 'PET 모노그램 빅로고 티셔츠 LA다저스 LA (VIOLET)', 'https://www.musinsa.com/app/goods/1835690');
INSERT INTO clothes (clothes_id, color_id, personal_color_id, store_id, content, name, shopping_site_url) VALUES (93, 1, 3, 5, 'content_ex', 'PET 모노그램 빅로고 티셔츠 NY (BLACK)', 'https://www.musinsa.com/app/goods/1835689');
INSERT INTO clothes (clothes_id, color_id, personal_color_id, store_id, content, name, shopping_site_url) VALUES (94, 6, 1, 5, 'content_ex', 'PET 모노그램 티셔츠 NY (BEIGE)', 'https://www.musinsa.com/app/goods/1835668');
INSERT INTO clothes (clothes_id, color_id, personal_color_id, store_id, content, name, shopping_site_url) VALUES (95, 1, 4, 5, 'content_ex', 'PET 모노그램 티셔츠 NY (BLACK)', 'https://www.musinsa.com/app/goods/1835667');
INSERT INTO clothes (clothes_id, color_id, personal_color_id, store_id, content, name, shopping_site_url) VALUES (96, 8, 3, 5, 'content_ex', 'PET 모노그램 티셔츠 NY (PINK)', 'https://www.musinsa.com/app/goods/1835666');
INSERT INTO clothes (clothes_id, color_id, personal_color_id, store_id, content, name, shopping_site_url) VALUES (97, 1, 4, 5, 'content_ex', 'PET 모노그램 후드 NY (BLACK)', 'https://www.musinsa.com/app/goods/1799074');
INSERT INTO clothes (clothes_id, color_id, personal_color_id, store_id, content, name, shopping_site_url) VALUES (98, 16, 4, 5, 'content_ex', 'PET LIKE 후디 NY (MINT)', 'https://www.musinsa.com/app/goods/1799071');

INSERT INTO breed_tags (breed_tag_id, breed_tag_name, breed_tag_code) VALUES (1, '그레이트피레니즈', 'GRE');
INSERT INTO breed_tags (breed_tag_id, breed_tag_name, breed_tag_code) VALUES (2, '닥스훈트 장모', 'DAL');
INSERT INTO breed_tags (breed_tag_id, breed_tag_name, breed_tag_code) VALUES (3, '닥스훈트 단모', 'DAS');
INSERT INTO breed_tags (breed_tag_id, breed_tag_name, breed_tag_code) VALUES (4, '도베르만 핀셔', 'DOB');
INSERT INTO breed_tags (breed_tag_id, breed_tag_name, breed_tag_code) VALUES (5, '래브라도리트리버', 'LAB');
INSERT INTO breed_tags (breed_tag_id, breed_tag_name, breed_tag_code) VALUES (6, '몰티즈', 'MAL');
INSERT INTO breed_tags (breed_tag_id, breed_tag_name, breed_tag_code) VALUES (7, '봉독', 'BUL');
INSERT INTO breed_tags (breed_tag_id, breed_tag_name, breed_tag_code) VALUES (8, '비글', 'BEA');
INSERT INTO breed_tags (breed_tag_id, breed_tag_name, breed_tag_code) VALUES (9, '비숑프리제', 'BIC');
INSERT INTO breed_tags (breed_tag_id, breed_tag_name, breed_tag_code) VALUES (10, '쉽독', 'SHE');
INSERT INTO breed_tags (breed_tag_id, breed_tag_name, breed_tag_code) VALUES (11, '슈나우저', 'SCH');
INSERT INTO breed_tags (breed_tag_id, breed_tag_name, breed_tag_code) VALUES (12, '시추', 'DRI');
INSERT INTO breed_tags (breed_tag_id, breed_tag_name, breed_tag_code) VALUES (13, '웰시코기', 'WEL');
INSERT INTO breed_tags (breed_tag_id, breed_tag_name, breed_tag_code) VALUES (14, '저먼셰퍼드', 'GER');
INSERT INTO breed_tags (breed_tag_id, breed_tag_name, breed_tag_code) VALUES (15, '진도', 'JIN');
INSERT INTO breed_tags (breed_tag_id, breed_tag_name, breed_tag_code) VALUES (16, '치와와장모', 'CHL');
INSERT INTO breed_tags (breed_tag_id, breed_tag_name, breed_tag_code) VALUES (17, '치와와단모', 'CHS');
INSERT INTO breed_tags (breed_tag_id, breed_tag_name, breed_tag_code) VALUES (18, '코커스패니엘', 'COC');
INSERT INTO breed_tags (breed_tag_id, breed_tag_name, breed_tag_code) VALUES (19, '테리어', 'TER');
INSERT INTO breed_tags (breed_tag_id, breed_tag_name, breed_tag_code) VALUES (20, '포메라니안', 'POM');
INSERT INTO breed_tags (breed_tag_id, breed_tag_name, breed_tag_code) VALUES (21, '푸들', 'POO');
INSERT INTO breed_tags (breed_tag_id, breed_tag_name, breed_tag_code) VALUES (22, '하운드', 'HOU');
INSERT INTO breed_tags (breed_tag_id, breed_tag_name, breed_tag_code) VALUES (23, '허스키', 'HUS');
INSERT INTO breed_tags (breed_tag_id, breed_tag_name, breed_tag_code) VALUES (24, '말라뮤트', 'MUT');
INSERT INTO breed_tags (breed_tag_id, breed_tag_name, breed_tag_code) VALUES (25, '골든리트리버', 'GOL');
INSERT INTO breed_tags (breed_tag_id, breed_tag_name, breed_tag_code) VALUES (26, '믹스 장모', 'MIL');
INSERT INTO breed_tags (breed_tag_id, breed_tag_name, breed_tag_code) VALUES (27, '믹스 단모', 'MIS');
INSERT INTO breed_tags (breed_tag_id, breed_tag_name, breed_tag_code) VALUES (28, '기타', 'ETC');