
INSERT INTO `puddybuddy`.`stores` (`store_id`, `store_name`) VALUES ('1', '앤블랭크');
INSERT INTO `puddybuddy`.`stores` (`store_id`, `store_name`) VALUES ('2', '예일');
INSERT INTO `puddybuddy`.`stores` (`store_id`, `store_name`) VALUES ('3', '펫데렐라 프로젝트');
INSERT INTO `puddybuddy`.`stores` (`store_id`, `store_name`) VALUES ('4', '플로트');
INSERT INTO `puddybuddy`.`stores` (`store_id`, `store_name`) VALUES ('5', 'MLB');

INSERT INTO `puddybuddy`.`sizes` (`size_id`, `name`) VALUES ('1', 'XS');
INSERT INTO `puddybuddy`.`sizes` (`size_id`, `name`) VALUES ('2', 'S');
INSERT INTO `puddybuddy`.`sizes` (`size_id`, `name`) VALUES ('3', 'M');
INSERT INTO `puddybuddy`.`sizes` (`size_id`, `name`) VALUES ('4', 'L');
INSERT INTO `puddybuddy`.`sizes` (`size_id`, `name`) VALUES ('5', 'XL');

INSERT INTO `puddybuddy`.`colors` (`color_id`, `name`) VALUES ('1', '블랙');
INSERT INTO `puddybuddy`.`colors` (`color_id`, `name`) VALUES ('2', '그레이');
INSERT INTO `puddybuddy`.`colors` (`color_id`, `name`) VALUES ('3', '화이트');
INSERT INTO `puddybuddy`.`colors` (`color_id`, `name`) VALUES ('4', '블루');
INSERT INTO `puddybuddy`.`colors` (`color_id`, `name`) VALUES ('5', '그린');
INSERT INTO `puddybuddy`.`colors` (`color_id`, `name`) VALUES ('6', '베이지');
INSERT INTO `puddybuddy`.`colors` (`color_id`, `name`) VALUES ('7', '네이비');
INSERT INTO `puddybuddy`.`colors` (`color_id`, `name`) VALUES ('8', '핑크');
INSERT INTO `puddybuddy`.`colors` (`color_id`, `name`) VALUES ('9', '브라운');
INSERT INTO `puddybuddy`.`colors` (`color_id`, `name`) VALUES ('10', '옐로우');
INSERT INTO `puddybuddy`.`colors` (`color_id`, `name`) VALUES ('11', '퍼플');
INSERT INTO `puddybuddy`.`colors` (`color_id`, `name`) VALUES ('12', '레드');
INSERT INTO `puddybuddy`.`colors` (`color_id`, `name`) VALUES ('13', '스카이블루');
INSERT INTO `puddybuddy`.`colors` (`color_id`, `name`) VALUES ('14', '라벤더');
INSERT INTO `puddybuddy`.`colors` (`color_id`, `name`) VALUES ('15', '오렌지');
INSERT INTO `puddybuddy`.`colors` (`color_id`, `name`) VALUES ('16', '민트');
INSERT INTO `puddybuddy`.`colors` (`color_id`, `name`) VALUES ('17', '카키');
INSERT INTO `puddybuddy`.`colors` (`color_id`, `name`) VALUES ('18', '와인');
INSERT INTO `puddybuddy`.`colors` (`color_id`, `name`) VALUES ('19', '기타');

INSERT INTO `puddybuddy`.`personal_colors` (`personal_color_id`, `name`) VALUES ('1', '봄웜');
INSERT INTO `puddybuddy`.`personal_colors` (`personal_color_id`, `name`) VALUES ('2', '여름쿨');
INSERT INTO `puddybuddy`.`personal_colors` (`personal_color_id`, `name`) VALUES ('3', '가을웜');
INSERT INTO `puddybuddy`.`personal_colors` (`personal_color_id`, `name`) VALUES ('4', '겨울쿨');

INSERT INTO clothes (clothes_id, color_id, personal_color_id, store_id, content, name, shopping_site_url) VALUES (1, 8, 4, 1, 'content_ex', '뚱이 스냅 풀오버', 'https://www.musinsa.com/app/goods/3607325');
INSERT INTO clothes (clothes_id, color_id, personal_color_id, store_id, content, name, shopping_site_url) VALUES (2, 10, 1, 1, 'content_ex', '스폰지밥 스냅 풀오버', 'https://www.musinsa.com/app/goods/3607314');
INSERT INTO clothes (clothes_id, color_id, personal_color_id, store_id, content, name, shopping_site_url) VALUES (3, 16, 2, 1, 'content_ex', '핑핑이 에어로히트 티셔츠', 'https://www.musinsa.com/app/goods/3607294');
INSERT INTO clothes (clothes_id, color_id, personal_color_id, store_id, content, name, shopping_site_url) VALUES (4, 8, 4, 1, 'content_ex', '다람이 에어로히트 티셔츠', 'https://www.musinsa.com/app/goods/3607287');
INSERT INTO clothes (clothes_id, color_id, personal_color_id, store_id, content, name, shopping_site_url) VALUES (5, 10, 1, 1, 'content_ex', '스폰지밥 에어로히트 티셔츠', 'https://www.musinsa.com/app/goods/3607267');
INSERT INTO clothes (clothes_id, color_id, personal_color_id, store_id, content, name, shopping_site_url) VALUES (6, 10, 3, 1, 'content_ex', '징징이 숏슬리브', 'https://www.musinsa.com/app/goods/3606469');
INSERT INTO clothes (clothes_id, color_id, personal_color_id, store_id, content, name, shopping_site_url) VALUES (7, 15, 3, 1, 'content_ex', '뚱이 숏슬리브', 'https://www.musinsa.com/app/goods/3606441');
INSERT INTO clothes (clothes_id, color_id, personal_color_id, store_id, content, name, shopping_site_url) VALUES (8, 13, 2, 1, 'content_ex', '스폰지밥 숏슬리브', 'https://www.musinsa.com/app/goods/3606419');
INSERT INTO clothes (clothes_id, color_id, personal_color_id, store_id, content, name, shopping_site_url) VALUES (9, 10, 3, 1, 'content_ex', '조이베어 레인코트 자켓', 'https://www.musinsa.com/app/goods/3369080');
INSERT INTO clothes (clothes_id, color_id, personal_color_id, store_id, content, name, shopping_site_url) VALUES (10, 3, 4, 1, 'content_ex', '조이베어 레인보우 버그가드 쿨링 탑', 'https://www.musinsa.com/app/goods/3356030');
INSERT INTO clothes (clothes_id, color_id, personal_color_id, store_id, content, name, shopping_site_url) VALUES (11, 3, 1, 1, 'content_ex', '정글 리조트 크롭 탑', 'https://www.musinsa.com/app/goods/3355984');
INSERT INTO clothes (clothes_id, color_id, personal_color_id, store_id, content, name, shopping_site_url) VALUES (12, 8, 2, 1, 'content_ex', '스트로베리 패치 크롭 탑', 'https://www.musinsa.com/app/goods/3355974');
INSERT INTO clothes (clothes_id, color_id, personal_color_id, store_id, content, name, shopping_site_url) VALUES (13, 6, 3, 1, 'content_ex', '앤블랭크x제시카닐슨 체리 반팔', 'https://www.musinsa.com/app/goods/3081847');
INSERT INTO clothes (clothes_id, color_id, personal_color_id, store_id, content, name, shopping_site_url) VALUES (14, 7, 4, 1, 'content_ex', 'ABK FARM 펠트 스냅 풀오버', 'https://www.musinsa.com/app/goods/3081834');
INSERT INTO clothes (clothes_id, color_id, personal_color_id, store_id, content, name, shopping_site_url) VALUES (15, 8, 2, 1, 'content_ex', '밀크카우 와플 스트라이프 반팔', 'https://www.musinsa.com/app/goods/3081813');
INSERT INTO clothes (clothes_id, color_id, personal_color_id, store_id, content, name, shopping_site_url) VALUES (16, 15, 3, 1, 'content_ex', '선데이덕 맨투맨 : 탠저린', 'https://www.musinsa.com/app/goods/3081707');
INSERT INTO clothes (clothes_id, color_id, personal_color_id, store_id, content, name, shopping_site_url) VALUES (17, 10, 4, 1, 'content_ex', '밀크카우 맨투맨 : 라임', 'https://www.musinsa.com/app/goods/3081642');
INSERT INTO clothes (clothes_id, color_id, personal_color_id, store_id, content, name, shopping_site_url) VALUES (18, 14, 2, 1, 'content_ex', '밀크카우 민소매 : 라벤더', 'https://www.musinsa.com/app/goods/3081625');
INSERT INTO clothes (clothes_id, color_id, personal_color_id, store_id, content, name, shopping_site_url) VALUES (19, 8, 1, 1, 'content_ex', '젤리펀트 니트', 'https://www.musinsa.com/app/goods/2868276');
INSERT INTO clothes (clothes_id, color_id, personal_color_id, store_id, content, name, shopping_site_url) VALUES (20, 1, 3, 1, 'content_ex', '조이베어 터틀넥 니트', 'https://www.musinsa.com/app/goods/2868178');
INSERT INTO clothes (clothes_id, color_id, personal_color_id, store_id, content, name, shopping_site_url) VALUES (21, 18, 4, 1, 'content_ex', '트위티 패럿 스트라이프 티셔츠', 'https://www.musinsa.com/app/goods/2868063');
INSERT INTO clothes (clothes_id, color_id, personal_color_id, store_id, content, name, shopping_site_url) VALUES (22, 15, 3, 1, 'content_ex', '앤블랭크x제시카닐슨 튤립 숏슬리브', 'https://www.musinsa.com/app/goods/2784930');
INSERT INTO clothes (clothes_id, color_id, personal_color_id, store_id, content, name, shopping_site_url) VALUES (23, 13, 2, 1, 'content_ex', '젤리펀트 에어로 히트 티셔츠', 'https://www.musinsa.com/app/goods/2868103');
INSERT INTO clothes (clothes_id, color_id, personal_color_id, store_id, content, name, shopping_site_url) VALUES (24, 5, 1, 1, 'content_ex', '앤블랭크x제시카닐슨 카멜리아 롬퍼', 'https://www.musinsa.com/app/goods/2784850');
INSERT INTO clothes (clothes_id, color_id, personal_color_id, store_id, content, name, shopping_site_url) VALUES (25, 4, 4, 1, 'content_ex', '앤블랭크x제시카닐슨 모닝글로리 롬퍼', 'https://www.musinsa.com/app/goods/2784758');
INSERT INTO clothes (clothes_id, color_id, personal_color_id, store_id, content, name, shopping_site_url) VALUES (26, 13, 2, 1, 'content_ex', '와이키키 플라밍고 버그가드 쿨링 탑', 'https://www.musinsa.com/app/goods/2593006');
INSERT INTO clothes (clothes_id, color_id, personal_color_id, store_id, content, name, shopping_site_url) VALUES (27, 3, 2, 1, 'content_ex', '와이키키 플라밍고 크롭 탑', 'https://www.musinsa.com/app/goods/2592986');
INSERT INTO clothes (clothes_id, color_id, personal_color_id, store_id, content, name, shopping_site_url) VALUES (28, 15, 3, 1, 'content_ex', '레이지 크로크다일 리버시블 패딩 : 탠저린', 'https://www.musinsa.com/app/goods/2200310');
INSERT INTO clothes (clothes_id, color_id, personal_color_id, store_id, content, name, shopping_site_url) VALUES (29, 13, 2, 1, 'content_ex', ' 드리밍 피글리 니트 : 블루 그린', 'https://www.musinsa.com/app/goods/2148419');
INSERT INTO clothes (clothes_id, color_id, personal_color_id, store_id, content, name, shopping_site_url) VALUES (30, 11, 3, 1, 'content_ex', '미스테리 아울 체크 니트 : 퍼플 머스타드', 'https://www.musinsa.com/app/goods/2147544');
INSERT INTO clothes (clothes_id, color_id, personal_color_id, store_id, content, name, shopping_site_url) VALUES (31, 8, 1, 1, 'content_ex', '버니 린넨 탑 : 베이비 핑크', 'https://www.musinsa.com/app/goods/1921088');
INSERT INTO clothes (clothes_id, color_id, personal_color_id, store_id, content, name, shopping_site_url) VALUES (32, 13, 2, 1, 'content_ex', '럭키 클로버 린넨 탑 : 베이비 블루', 'https://www.musinsa.com/app/goods/1921078');
INSERT INTO clothes (clothes_id, color_id, personal_color_id, store_id, content, name, shopping_site_url) VALUES (33, 10, 3, 1, 'content_ex', '레오파드 : 다크 네이비', 'https://www.musinsa.com/app/goods/1714877');
INSERT INTO clothes (clothes_id, color_id, personal_color_id, store_id, content, name, shopping_site_url) VALUES (34, 1, 4, 2, 'content_ex', '2 TONE ARCH DOGGY HOODIE BLACK', 'https://www.musinsa.com/app/goods/2194199');
INSERT INTO clothes (clothes_id, color_id, personal_color_id, store_id, content, name, shopping_site_url) VALUES (35, 2, 1, 2, 'content_ex', '2 TONE ARCH DOGGY HOODIE GRAY', 'https://www.musinsa.com/app/goods/2194205');
INSERT INTO clothes (clothes_id, color_id, personal_color_id, store_id, content, name, shopping_site_url) VALUES (36, 1, 3, 2, 'content_ex', 'EMBROIDERY UNIVERSITY DAN DOGGY HOODIE BLACK', 'https://www.musinsa.com/app/goods/2319998');
INSERT INTO clothes (clothes_id, color_id, personal_color_id, store_id, content, name, shopping_site_url) VALUES (37, 6, 1, 2, 'content_ex', 'EMBROIDERY UNIVERSITY DAN DOGGY CREWNECK IVORY', 'https://www.musinsa.com/app/goods/2320002');
INSERT INTO clothes (clothes_id, color_id, personal_color_id, store_id, content, name, shopping_site_url) VALUES (38, 4, 4, 2, 'content_ex', 'UNIVERSITY DAN DOGGY TEE BLUE', 'https://www.musinsa.com/app/goods/2517195');
INSERT INTO clothes (clothes_id, color_id, personal_color_id, store_id, content, name, shopping_site_url) VALUES (39, 3, 2, 2, 'content_ex', 'EMBROIDERY UNIVERSITY DAN DOGGY COLOR BLOCK CREWNECK NAVY', 'https://www.musinsa.com/app/goods/2571282');
INSERT INTO clothes (clothes_id, color_id, personal_color_id, store_id, content, name, shopping_site_url) VALUES (40, 7, 4, 2, 'content_ex', ' CHECK EMBROIDERY UNIVERSITY DAN DOGGY SHIRT NAVY', 'https://www.musinsa.com/app/goods/2571292');
INSERT INTO clothes (clothes_id, color_id, personal_color_id, store_id, content, name, shopping_site_url) VALUES (41, 2, 1, 2, 'content_ex', ' UNIVERSITY DAN DOGGY HOODIE GRAY', 'https://www.musinsa.com/app/goods/2767048');
INSERT INTO clothes (clothes_id, color_id, personal_color_id, store_id, content, name, shopping_site_url) VALUES (42, 7, 4, 2, 'content_ex', 'UNIVERSITY DAN DOGGY HOODIE NAVY', 'https://www.musinsa.com/app/goods/2767051');
INSERT INTO clothes (clothes_id, color_id, personal_color_id, store_id, content, name, shopping_site_url) VALUES (43, 7, 4, 2, 'content_ex', '[ONEMILE WEAR] CABLE DOGGY KNIT NAVY', 'https://www.musinsa.com/app/goods/3022359');
INSERT INTO clothes (clothes_id, color_id, personal_color_id, store_id, content, name, shopping_site_url) VALUES (44, 6, 2, 2, 'content_ex', 'ARCH EMBLEM DOGGY HOODIE IVORY', 'https://www.musinsa.com/app/goods/3036604');
INSERT INTO clothes (clothes_id, color_id, personal_color_id, store_id, content, name, shopping_site_url) VALUES (45, 10, 1, 2, 'content_ex', '2 TONE ARCH MESH DOGGY SLEEVELESS YELLOW', 'https://www.musinsa.com/app/goods/3307218');
INSERT INTO clothes (clothes_id, color_id, personal_color_id, store_id, content, name, shopping_site_url) VALUES (46, 7, 4, 2, 'content_ex', ' DOGGY WIND BREAKER NAVY', 'https://www.musinsa.com/app/goods/3060233');
INSERT INTO clothes (clothes_id, color_id, personal_color_id, store_id, content, name, shopping_site_url) VALUES (47, 3, 2, 2, 'content_ex', 'DOGGY WIND BREAKER IVORY', 'https://www.musinsa.com/app/goods/3060231');
INSERT INTO clothes (clothes_id, color_id, personal_color_id, store_id, content, name, shopping_site_url) VALUES (48, 12, 1, 3, 'content_ex', '세일러 티셔츠 (레드)', 'https://www.musinsa.com/app/goods/554116');
INSERT INTO clothes (clothes_id, color_id, personal_color_id, store_id, content, name, shopping_site_url) VALUES (49, 7, 2, 3, 'content_ex', '인디고데님 세일러 티셔츠', 'https://www.musinsa.com/app/goods/1053016');
INSERT INTO clothes (clothes_id, color_id, personal_color_id, store_id, content, name, shopping_site_url) VALUES (50, 10, 3, 3, 'content_ex', '체크 러플 블라우스', 'https://www.musinsa.com/app/goods/761352');
INSERT INTO clothes (clothes_id, color_id, personal_color_id, store_id, content, name, shopping_site_url) VALUES (51, 13, 2, 3, 'content_ex', '클래식 샤워 가운', 'https://www.musinsa.com/app/goods/560857');
INSERT INTO clothes (clothes_id, color_id, personal_color_id, store_id, content, name, shopping_site_url) VALUES (52, 12, 2, 3, 'content_ex', '세일러 쇼츠 (네이비)', 'https://www.musinsa.com/app/goods/556124');
INSERT INTO clothes (clothes_id, color_id, personal_color_id, store_id, content, name, shopping_site_url) VALUES (53, 7, 4, 3, 'content_ex', '세일러 티셔츠 (네이비)', 'https://www.musinsa.com/app/goods/554051');
INSERT INTO clothes (clothes_id, color_id, personal_color_id, store_id, content, name, shopping_site_url) VALUES (54, 1, 0, 3, 'content_ex', '-', 'https://www.musinsa.com/app/goods/470296');
INSERT INTO clothes (clothes_id, color_id, personal_color_id, store_id, content, name, shopping_site_url) VALUES (55, 1, 0, 3, 'content_ex', '-', 'https://www.musinsa.com/app/goods/470295');
INSERT INTO clothes (clothes_id, color_id, personal_color_id, store_id, content, name, shopping_site_url) VALUES (56, 12, 1, 4, 'content_ex', '데일리피케셔츠 레드 강아지옷', 'https://www.musinsa.com/app/goods/3198135');
INSERT INTO clothes (clothes_id, color_id, personal_color_id, store_id, content, name, shopping_site_url) VALUES (57, 4, 2, 4, 'content_ex', '데일리피케셔츠 블루 강아지옷', 'https://www.musinsa.com/app/goods/3198134');
INSERT INTO clothes (clothes_id, color_id, personal_color_id, store_id, content, name, shopping_site_url) VALUES (58, 10, 3, 4, 'content_ex', '데일리피케셔츠 옐로우 강아지옷', 'https://www.musinsa.com/app/goods/3198124');
INSERT INTO clothes (clothes_id, color_id, personal_color_id, store_id, content, name, shopping_site_url) VALUES (59, 5, 3, 4, 'content_ex', '베이직 하프넥티셔츠 그린 강아지옷', 'https://www.musinsa.com/app/goods/3133712');
INSERT INTO clothes (clothes_id, color_id, personal_color_id, store_id, content, name, shopping_site_url) VALUES (60, 8, 3, 4, 'content_ex', '베이직 하프넥티셔츠 인디핑크 강아지옷', 'https://www.musinsa.com/app/goods/3133702');
INSERT INTO clothes (clothes_id, color_id, personal_color_id, store_id, content, name, shopping_site_url) VALUES (61, 10, 1, 4, 'content_ex', '플러피후리스 콤비 맨투맨 옐로우 강아지옷', 'https://www.musinsa.com/app/goods/2866574');
INSERT INTO clothes (clothes_id, color_id, personal_color_id, store_id, content, name, shopping_site_url) VALUES (62, 16, 2, 4, 'content_ex', '릴렉스보더 티셔츠 민트옐로우 강아지옷', 'https://www.musinsa.com/app/goods/2746844');
INSERT INTO clothes (clothes_id, color_id, personal_color_id, store_id, content, name, shopping_site_url) VALUES (63, 8, 2, 4, 'content_ex', '릴렉스보더 티셔츠 스카이핑크 강아지옷', 'https://www.musinsa.com/app/goods/2746842');
INSERT INTO clothes (clothes_id, color_id, personal_color_id, store_id, content, name, shopping_site_url) VALUES (64, 15, 4, 4, 'content_ex', '후르츠 티셔츠 자몽오렌지 강아지옷', 'https://www.musinsa.com/app/goods/2746819');
INSERT INTO clothes (clothes_id, color_id, personal_color_id, store_id, content, name, shopping_site_url) VALUES (65, 8, 4, 4, 'content_ex', '스탠다드유니크 맨투맨 레몬핑크 강아지옷', 'https://www.musinsa.com/app/goods/2746717');
INSERT INTO clothes (clothes_id, color_id, personal_color_id, store_id, content, name, shopping_site_url) VALUES (66, 10, 1, 4, 'content_ex', '스탠다드 후리스집업 강아지옷 옐로우', 'https://www.musinsa.com/app/goods/2213336');
INSERT INTO clothes (clothes_id, color_id, personal_color_id, store_id, content, name, shopping_site_url) VALUES (67, 16, 2, 4, 'content_ex', '스탠다드 후리스집업 강아지옷 민트', 'https://www.musinsa.com/app/goods/2213333');
INSERT INTO clothes (clothes_id, color_id, personal_color_id, store_id, content, name, shopping_site_url) VALUES (68, 16, 4, 4, 'content_ex', '플러피후리스 하프넥민소매 강아지옷 터키쉬블루', 'https://www.musinsa.com/app/goods/2176839');
INSERT INTO clothes (clothes_id, color_id, personal_color_id, store_id, content, name, shopping_site_url) VALUES (69, 7, 4, 4, 'content_ex', '플러피후리스 하프넥민소매 강아지옷 네이비', 'https://www.musinsa.com/app/goods/2176836');
INSERT INTO clothes (clothes_id, color_id, personal_color_id, store_id, content, name, shopping_site_url) VALUES (70, 8, 4, 4, 'content_ex', '플러피후리스 하프넥민소매 강아지옷 핑크', 'https://www.musinsa.com/app/goods/2176835');
INSERT INTO clothes (clothes_id, color_id, personal_color_id, store_id, content, name, shopping_site_url) VALUES (71, 12, 1, 5, 'content_ex', 'PET 메가로고 다운점퍼 B (Red)', 'https://www.musinsa.com/app/goods/2129519');
INSERT INTO clothes (clothes_id, color_id, personal_color_id, store_id, content, name, shopping_site_url) VALUES (72, 14, 2, 5, 'content_ex', 'PET 메가로고 다운점퍼 LA (L.Lavender)', 'https://www.musinsa.com/app/goods/2129520');
INSERT INTO clothes (clothes_id, color_id, personal_color_id, store_id, content, name, shopping_site_url) VALUES (73, 1, 4, 5, 'content_ex', 'PET 메가로고 다운점퍼 NY (Black)', 'https://www.musinsa.com/app/goods/2129518');
INSERT INTO clothes (clothes_id, color_id, personal_color_id, store_id, content, name, shopping_site_url) VALUES (74, 6, 3, 5, 'content_ex', 'PET 모노그램 다운점퍼 B (Beige)', 'https://www.musinsa.com/app/goods/2129516');
INSERT INTO clothes (clothes_id, color_id, personal_color_id, store_id, content, name, shopping_site_url) VALUES (75, 2, 4, 5, 'content_ex', 'PET 모노그램 다운점퍼 NY (Black)', 'https://www.musinsa.com/app/goods/2129515');
INSERT INTO clothes (clothes_id, color_id, personal_color_id, store_id, content, name, shopping_site_url) VALUES (76, 8, 2, 5, 'content_ex', 'PET MONOGRAM 후드 NY (D.Pink)', 'https://www.musinsa.com/app/goods/2129511');
INSERT INTO clothes (clothes_id, color_id, personal_color_id, store_id, content, name, shopping_site_url) VALUES (77, 8, 1, 5, 'content_ex', 'PET MLB LIKE 후드 P (Coral)', 'https://www.musinsa.com/app/goods/2129510');
INSERT INTO clothes (clothes_id, color_id, personal_color_id, store_id, content, name, shopping_site_url) VALUES (78, 7, 2, 5, 'content_ex', 'PET MLB LIKE 후드 B (L.Navy)', 'https://www.musinsa.com/app/goods/2129509');
INSERT INTO clothes (clothes_id, color_id, personal_color_id, store_id, content, name, shopping_site_url) VALUES (79, 1, 4, 5, 'content_ex', 'PET MLB LIKE 후드 NY (Black)', 'https://www.musinsa.com/app/goods/2129508');
INSERT INTO clothes (clothes_id, color_id, personal_color_id, store_id, content, name, shopping_site_url) VALUES (80, 14, 2, 5, 'content_ex', 'PET 메가로고 후리스 점퍼 LA (L.Lavender)', 'https://www.musinsa.com/app/goods/2129488');
INSERT INTO clothes (clothes_id, color_id, personal_color_id, store_id, content, name, shopping_site_url) VALUES (81, 13, 2, 5, 'content_ex', 'PET 메가로고 후리스 점퍼 NY (L.Blue)', 'https://www.musinsa.com/app/goods/2129483');
INSERT INTO clothes (clothes_id, color_id, personal_color_id, store_id, content, name, shopping_site_url) VALUES (82, 14, 4, 5, 'content_ex', 'PET 빅로고 맨투맨 LA (L.Lavender)', 'https://www.musinsa.com/app/goods/2129421');
INSERT INTO clothes (clothes_id, color_id, personal_color_id, store_id, content, name, shopping_site_url) VALUES (83, 16, 4, 5, 'content_ex', 'PET 빅로고 맨투맨 P (Mint)', 'https://www.musinsa.com/app/goods/2129419');
INSERT INTO clothes (clothes_id, color_id, personal_color_id, store_id, content, name, shopping_site_url) VALUES (84, 9, 3, 5, 'content_ex', 'PET 빅로고 맨투맨 B (Brown)', 'https://www.musinsa.com/app/goods/2129417');
INSERT INTO clothes (clothes_id, color_id, personal_color_id, store_id, content, name, shopping_site_url) VALUES (85, 12, 1, 5, 'content_ex', 'PET 빅로고 맨투맨 B (Red)', 'https://www.musinsa.com/app/goods/2129416');
INSERT INTO clothes (clothes_id, color_id, personal_color_id, store_id, content, name, shopping_site_url) VALUES (86, 13, 2, 5, 'content_ex', 'PET MLB LIKE 맨투맨 NY (L.Blue)', 'https://www.musinsa.com/app/goods/2129412');
INSERT INTO clothes (clothes_id, color_id, personal_color_id, store_id, content, name, shopping_site_url) VALUES (87, 8, 1, 5, 'content_ex', 'PET MLB LIKE PLANET 맨투맨 P (Coral)', 'https://www.musinsa.com/app/goods/2129410');
INSERT INTO clothes (clothes_id, color_id, personal_color_id, store_id, content, name, shopping_site_url) VALUES (88, 7, 2, 5, 'content_ex', 'PET MLB LIKE PLANET 맨투맨 B (L.Navy)', 'https://www.musinsa.com/app/goods/2129408');
INSERT INTO clothes (clothes_id, color_id, personal_color_id, store_id, content, name, shopping_site_url) VALUES (89, 6, 1, 5, 'content_ex', 'PET MLB LIKE PLANET 맨투맨 NY (Cream)', 'https://www.musinsa.com/app/goods/2129407');
INSERT INTO clothes (clothes_id, color_id, personal_color_id, store_id, content, name, shopping_site_url) VALUES (90, 4, 2, 5, 'content_ex', 'PET 빅로고 맨투맨 LA (BLUE)', 'https://www.musinsa.com/app/goods/1951233');
INSERT INTO clothes (clothes_id, color_id, personal_color_id, store_id, content, name, shopping_site_url) VALUES (91, 8, 4, 5, 'content_ex', 'PET 로고 레인코트 NY (PINK)', 'https://www.musinsa.com/app/goods/1870402');
INSERT INTO clothes (clothes_id, color_id, personal_color_id, store_id, content, name, shopping_site_url) VALUES (92, 14, 2, 5, 'content_ex', 'PET 모노그램 빅로고 티셔츠 LA다저스 LA (VIOLET)', 'https://www.musinsa.com/app/goods/1835690');
INSERT INTO clothes (clothes_id, color_id, personal_color_id, store_id, content, name, shopping_site_url) VALUES (93, 1, 3, 5, 'content_ex', 'PET 모노그램 빅로고 티셔츠 NY (BLACK)', 'https://www.musinsa.com/app/goods/1835689');
INSERT INTO clothes (clothes_id, color_id, personal_color_id, store_id, content, name, shopping_site_url) VALUES (94, 6, 1, 5, 'content_ex', 'PET 모노그램 티셔츠 NY (BEIGE)', 'https://www.musinsa.com/app/goods/1835668');
INSERT INTO clothes (clothes_id, color_id, personal_color_id, store_id, content, name, shopping_site_url) VALUES (95, 1, 4, 5, 'content_ex', 'PET 모노그램 티셔츠 NY (BLACK)', 'https://www.musinsa.com/app/goods/1835667');
INSERT INTO clothes (clothes_id, color_id, personal_color_id, store_id, content, name, shopping_site_url) VALUES (96, 8, 3, 5, 'content_ex', 'PET 모노그램 티셔츠 NY (PINK)', 'https://www.musinsa.com/app/goods/1835666');
INSERT INTO clothes (clothes_id, color_id, personal_color_id, store_id, content, name, shopping_site_url) VALUES (97, 1, 4, 5, 'content_ex', 'PET 모노그램 후드 NY (BLACK)', 'https://www.musinsa.com/app/goods/1799074');
INSERT INTO clothes (clothes_id, color_id, personal_color_id, store_id, content, name, shopping_site_url) VALUES (98, 16, 4, 5, 'content_ex', 'PET LIKE 후디 NY (MINT)', 'https://www.musinsa.com/app/goods/1799071');

INSERT INTO `puddybuddy`.`clothes_photos` (`clothes_id`, `clothes_photo_id`, `photo1_url`, `photo2_url`, `photo3_url`) VALUES ('1', '1', 'https://puddybuddybucket.s3.amazonaws.com/images/8bcc2cde-8c37-47c6-823d-937dfb5600ba_andblank%20%2801%29.jpg', 'https://puddybuddybucket.s3.amazonaws.com/images/2b2323ea-77e6-4a67-8ad0-b03d1512ab4c_andblank%20%2802%29.jpg', 'https://puddybuddybucket.s3.amazonaws.com/images/f56a34dc-4888-4228-98d1-da6f5fa66e89_andblank%20%2803%29.jpg');
INSERT INTO `puddybuddy`.`clothes_photos` (`clothes_id`, `clothes_photo_id`, `photo1_url`, `photo2_url`, `photo3_url`) VALUES ('2', '2', 'https://puddybuddybucket.s3.amazonaws.com/images/bf902fb3-4132-42fe-8a74-81df6e9c0348_andblank%20%2804%29.jpg', 'https://puddybuddybucket.s3.amazonaws.com/images/24a6fade-34da-49b5-b291-61b5833950ed_andblank%20%2805%29.jpg', 'https://puddybuddybucket.s3.amazonaws.com/images/441ca777-4344-42da-9b84-933aa3d7899c_andblank%20%2806%29.jpg');
INSERT INTO `puddybuddy`.`clothes_photos` (`clothes_id`, `clothes_photo_id`, `photo1_url`, `photo2_url`, `photo3_url`) VALUES ('3', '3', 'https://puddybuddybucket.s3.amazonaws.com/images/4b203430-5853-4946-8dfc-0ce97907122d_andblank%20%2807%29.jpg', 'https://puddybuddybucket.s3.amazonaws.com/images/ec976f6a-26a0-4b78-bd84-d3f939aa3b75_andblank%20%2808%29.jpg', 'https://puddybuddybucket.s3.amazonaws.com/images/8548e527-2fb5-4e1e-a3ed-477b0376e229_andblank%20%2809%29.jpg');
INSERT INTO `puddybuddy`.`clothes_photos` (`clothes_id`, `clothes_photo_id`, `photo1_url`, `photo2_url`, `photo3_url`) VALUES ('4', '4', 'https://puddybuddybucket.s3.amazonaws.com/images/c89d1f8a-b07a-437a-91a3-15b44653f8bf_andblank%20%2810%29.jpg', 'https://puddybuddybucket.s3.amazonaws.com/images/2a1076aa-94f1-4dea-8447-27e87317c9fa_andblank%20%2811%29.jpg', 'https://puddybuddybucket.s3.amazonaws.com/images/6109bb96-e26d-4136-8b23-af071517d87b_andblank%20%2812%29.jpg');
INSERT INTO `puddybuddy`.`clothes_photos` (`clothes_id`, `clothes_photo_id`, `photo1_url`, `photo2_url`, `photo3_url`) VALUES ('5', '5', 'https://puddybuddybucket.s3.amazonaws.com/images/174dcd00-be3c-421b-b338-65fa2be8bf02_andblank%20%2813%29.jpg', 'https://puddybuddybucket.s3.amazonaws.com/images/78cdddd8-29e6-4a89-878d-c4e2bc20306f_andblank%20%2814%29.jpg', 'https://puddybuddybucket.s3.amazonaws.com/images/426d0688-5211-49dc-9af0-0c0d2254c241_andblank%20%2815%29.jpg');
INSERT INTO `puddybuddy`.`clothes_photos` (`clothes_id`, `clothes_photo_id`, `photo1_url`, `photo2_url`, `photo3_url`) VALUES ('6', '6', 'https://puddybuddybucket.s3.amazonaws.com/images/6ff3bc2b-1045-427b-84b6-5114066d2a47_andblank%20%2816%29.jpg', 'https://puddybuddybucket.s3.amazonaws.com/images/4c54ce0e-40a9-4b83-bcc2-b42f7487a6ba_andblank%20%2817%29.jpg', 'https://puddybuddybucket.s3.amazonaws.com/images/036459d4-f7f9-4fa7-b2a6-5329b81183ae_andblank%20%2818%29.jpg');
INSERT INTO `puddybuddy`.`clothes_photos` (`clothes_id`, `clothes_photo_id`, `photo1_url`, `photo2_url`, `photo3_url`) VALUES ('7', '7', 'https://puddybuddybucket.s3.amazonaws.com/images/c082af73-ce7f-43ea-b9fc-21ab122a8120_andblank%20%2819%29.jpg', 'https://puddybuddybucket.s3.amazonaws.com/images/adeed7e5-8c0d-468a-b45a-d628973323e3_andblank%20%2820%29.jpg', 'https://puddybuddybucket.s3.amazonaws.com/images/8802d3e0-1e54-4a48-8cc9-4766d6b3d50a_andblank%20%2821%29.jpg');
INSERT INTO `puddybuddy`.`clothes_photos` (`clothes_id`, `clothes_photo_id`, `photo1_url`, `photo2_url`, `photo3_url`) VALUES ('8', '8', 'https://puddybuddybucket.s3.amazonaws.com/images/7fd59a98-f54e-4fa4-829f-acb958c19080_andblank%20%2822%29.jpg', 'https://puddybuddybucket.s3.amazonaws.com/images/2197c97b-01cc-417c-8d31-c23a7edf9344_andblank%20%2823%29.jpg', 'https://puddybuddybucket.s3.amazonaws.com/images/b4427dec-9237-4b90-819e-8d1baf2db8ee_andblank%20%2824%29.jpg');
INSERT INTO `puddybuddy`.`clothes_photos` (`clothes_id`, `clothes_photo_id`, `photo1_url`, `photo2_url`, `photo3_url`) VALUES ('9', '9', 'https://puddybuddybucket.s3.amazonaws.com/images/fd51b0f0-bb67-4db7-81d8-1e74f19590c0_andblank%20%2825%29.jpg', 'https://puddybuddybucket.s3.amazonaws.com/images/46114f78-8ae5-4ed5-98c4-93d57d222885_andblank%20%2826%29.jpg', 'https://puddybuddybucket.s3.amazonaws.com/images/db0d7a0d-f8bb-4f3e-8624-30e81f69fc5a_andblank%20%2827%29.jpg');
INSERT INTO `puddybuddy`.`clothes_photos` (`clothes_id`, `clothes_photo_id`, `photo1_url`, `photo2_url`, `photo3_url`) VALUES ('10', '10', 'https://puddybuddybucket.s3.amazonaws.com/images/8bc21423-2873-49d6-8d87-c8a8db7d0f1e_andblank%20%2828%29.jpg', 'https://puddybuddybucket.s3.amazonaws.com/images/c113d025-3bb2-48ef-bf0e-629e0ea380f2_andblank%20%2829%29.jpg', 'https://puddybuddybucket.s3.amazonaws.com/images/ec079dfd-3796-4039-b9ad-a5bfab8e5917_andblank%20%2830%29.jpg');
INSERT INTO `puddybuddy`.`clothes_photos` (`clothes_id`, `clothes_photo_id`, `photo1_url`, `photo2_url`, `photo3_url`) VALUES ('11', '11', 'https://puddybuddybucket.s3.amazonaws.com/images/05df2b33-81fd-4951-8ca8-1ec6319bed07_andblank%20%2831%29.jpg', 'https://puddybuddybucket.s3.amazonaws.com/images/b6a22ebd-dafe-423b-8e99-eb5243ee25a6_andblank%20%2832%29.jpg', 'https://puddybuddybucket.s3.amazonaws.com/images/90bcb54d-5a35-4337-a0a3-e652e8721724_andblank%20%2833%29.jpg');
INSERT INTO `puddybuddy`.`clothes_photos` (`clothes_id`, `clothes_photo_id`, `photo1_url`, `photo2_url`, `photo3_url`) VALUES ('12', '12', 'https://puddybuddybucket.s3.amazonaws.com/images/8f1699f4-c579-43c1-a0f2-3287f5deaf9f_andblank%20%2834%29.jpg', 'https://puddybuddybucket.s3.amazonaws.com/images/f309c033-89b6-4af5-aee0-cf2263152819_andblank%20%2835%29.jpg', 'https://puddybuddybucket.s3.amazonaws.com/images/f78eec79-8cb5-485a-bb66-aa0934307614_andblank%20%2836%29.jpg');
INSERT INTO `puddybuddy`.`clothes_photos` (`clothes_id`, `clothes_photo_id`, `photo1_url`, `photo2_url`, `photo3_url`) VALUES ('13', '13', 'https://puddybuddybucket.s3.amazonaws.com/images/7e5e5bb0-e1ea-476c-a6ca-9320ddc3e322_andblank%20%2837%29.jpg', 'https://puddybuddybucket.s3.amazonaws.com/images/d278401f-ad24-4b5b-a4ec-697c826343ae_andblank%20%2838%29.jpg', 'https://puddybuddybucket.s3.amazonaws.com/images/79f58d7d-6e24-4672-97f6-c9bb0268d35f_andblank%20%2839%29.jpg');
INSERT INTO `puddybuddy`.`clothes_photos` (`clothes_id`, `clothes_photo_id`, `photo1_url`, `photo2_url`, `photo3_url`) VALUES ('14', '14', 'https://puddybuddybucket.s3.amazonaws.com/images/fa50be47-5711-4b10-b89d-ab71e5285b8e_andblank%20%2840%29.jpg', 'https://puddybuddybucket.s3.amazonaws.com/images/ad95d7db-5e5c-4b32-bfd2-b7395949b909_andblank%20%2841%29.jpg', 'https://puddybuddybucket.s3.amazonaws.com/images/99defbeb-96e7-4f20-8db9-487cfec6ad39_andblank%20%2842%29.jpg');
INSERT INTO `puddybuddy`.`clothes_photos` (`clothes_id`, `clothes_photo_id`, `photo1_url`, `photo2_url`, `photo3_url`) VALUES ('15', '15', 'https://puddybuddybucket.s3.amazonaws.com/images/3fddbf4e-dd04-4bc0-a621-696c7c38a81c_andblank%20%2843%29.jpg', 'https://puddybuddybucket.s3.amazonaws.com/images/6bbb648a-92be-4608-8e85-35c4cb151955_andblank%20%2844%29.jpg', 'https://puddybuddybucket.s3.amazonaws.com/images/4fbee534-194b-455c-adb6-03df6a088c95_andblank%20%2845%29.jpg');
INSERT INTO `puddybuddy`.`clothes_photos` (`clothes_id`, `clothes_photo_id`, `photo1_url`, `photo2_url`, `photo3_url`) VALUES ('16', '16', 'https://puddybuddybucket.s3.amazonaws.com/images/255fbcaf-c7dd-4ee0-a6f7-1c3937c9fdd6_andblank%20%2846%29.jpg', 'https://puddybuddybucket.s3.amazonaws.com/images/0671b685-c13c-4c54-be18-a41dd81dd136_andblank%20%2847%29.jpg', 'https://puddybuddybucket.s3.amazonaws.com/images/7bb683ed-599e-48a6-865e-4eba66a98bcd_andblank%20%2848%29.jpg');
INSERT INTO `puddybuddy`.`clothes_photos` (`clothes_id`, `clothes_photo_id`, `photo1_url`, `photo2_url`, `photo3_url`) VALUES ('17', '17', 'https://puddybuddybucket.s3.amazonaws.com/images/35faeb5d-151f-47c5-b403-fa8c15dc0a00_andblank%20%2849%29.jpg', 'https://puddybuddybucket.s3.amazonaws.com/images/3bce829e-ac2e-4003-85ed-6105bf2ea5d8_andblank%20%2850%29.jpg', 'https://puddybuddybucket.s3.amazonaws.com/images/a33cf55f-a45a-4b15-b447-8f1d7df85c07_andblank%20%2851%29.jpg');
INSERT INTO `puddybuddy`.`clothes_photos` (`clothes_id`, `clothes_photo_id`, `photo1_url`, `photo2_url`, `photo3_url`) VALUES ('18', '18', 'https://puddybuddybucket.s3.amazonaws.com/images/ab75bdc3-78c4-4698-aa84-6c6de0c26d89_andblank%20%2852%29.jpg', 'https://puddybuddybucket.s3.amazonaws.com/images/16cf1a8d-589a-493e-bc6c-762834afe4b6_andblank%20%2853%29.jpg', 'https://puddybuddybucket.s3.amazonaws.com/images/07693444-dab6-453c-9e26-ab4ad9271f8d_andblank%20%2854%29.jpg');
INSERT INTO `puddybuddy`.`clothes_photos` (`clothes_id`, `clothes_photo_id`, `photo1_url`, `photo2_url`, `photo3_url`) VALUES ('19', '19', 'https://puddybuddybucket.s3.amazonaws.com/images/52ca687e-97f3-4a3c-be8e-5987e2487187_andblank%20%2855%29.jpg', 'https://puddybuddybucket.s3.amazonaws.com/images/91aef1e8-601f-4192-bdd1-f5cc5b66d988_andblank%20%2856%29.jpg', 'https://puddybuddybucket.s3.amazonaws.com/images/a8b01796-1dc1-496b-8c10-32aeaf72767f_andblank%20%2857%29.jpg');
INSERT INTO `puddybuddy`.`clothes_photos` (`clothes_id`, `clothes_photo_id`, `photo1_url`, `photo2_url`, `photo3_url`) VALUES ('20', '20', 'https://puddybuddybucket.s3.amazonaws.com/images/ec47818b-61b4-4079-b6fb-fb546effdbe2_andblank%20%2858%29.jpg', 'https://puddybuddybucket.s3.amazonaws.com/images/e6b5e3fd-a049-4bc6-8e48-62faadb337fb_andblank%20%2859%29.jpg', 'https://puddybuddybucket.s3.amazonaws.com/images/1950351c-bcd3-43b7-990d-9661315d6cbf_andblank%20%2860%29.jpg');
INSERT INTO `puddybuddy`.`clothes_photos` (`clothes_id`, `clothes_photo_id`, `photo1_url`, `photo2_url`, `photo3_url`) VALUES ('21', '21', 'https://puddybuddybucket.s3.amazonaws.com/images/8a5db008-d9e4-4069-accf-0628d67578ff_andblank%20%2861%29.jpg', 'https://puddybuddybucket.s3.amazonaws.com/images/c007504f-3a08-40cb-833f-8316fa24da98_andblank%20%2862%29.jpg', 'https://puddybuddybucket.s3.amazonaws.com/images/e6b2d73c-4177-4565-8d2e-cfd9a18171c3_andblank%20%2863%29.jpg');
INSERT INTO `puddybuddy`.`clothes_photos` (`clothes_id`, `clothes_photo_id`, `photo1_url`, `photo2_url`, `photo3_url`) VALUES ('22', '22', 'https://puddybuddybucket.s3.amazonaws.com/images/2e1fdc7a-67bf-4a9d-b048-2d9ec86f086f_andblank%20%2864%29.jpg', 'https://puddybuddybucket.s3.amazonaws.com/images/b2b4ba6c-cee1-44be-b551-bff9c96d3ff9_andblank%20%2865%29.jpg', 'https://puddybuddybucket.s3.amazonaws.com/images/543b9b16-33cb-4a5e-aecb-a164cd6dc1e3_andblank%20%2866%29.jpg');
INSERT INTO `puddybuddy`.`clothes_photos` (`clothes_id`, `clothes_photo_id`, `photo1_url`, `photo2_url`, `photo3_url`) VALUES ('23', '23', 'https://puddybuddybucket.s3.amazonaws.com/images/affebd15-15c7-47c0-90e6-760a05b1b9a2_andblank%20%2867%29.jpg', 'https://puddybuddybucket.s3.amazonaws.com/images/7d9d49f9-525b-41cb-8f9a-8c27edd2a5c7_andblank%20%2868%29.jpg', 'https://puddybuddybucket.s3.amazonaws.com/images/96c036c1-ed51-4b45-9fc5-9b17ebfd6ff8_andblank%20%2869%29.jpg');
INSERT INTO `puddybuddy`.`clothes_photos` (`clothes_id`, `clothes_photo_id`, `photo1_url`, `photo2_url`, `photo3_url`) VALUES ('24', '24', 'https://puddybuddybucket.s3.amazonaws.com/images/b8b21c77-1e30-4158-83f2-173fe2c8d3b5_andblank%20%2870%29.jpg', 'https://puddybuddybucket.s3.amazonaws.com/images/05ce7df3-663a-4efb-afdd-6e72b8967095_andblank%20%2871%29.jpg', 'https://puddybuddybucket.s3.amazonaws.com/images/0e118e38-c738-4b20-90d6-0c4a67741efb_andblank%20%2872%29.jpg');
INSERT INTO `puddybuddy`.`clothes_photos` (`clothes_id`, `clothes_photo_id`, `photo1_url`, `photo2_url`, `photo3_url`) VALUES ('25', '25', 'https://puddybuddybucket.s3.amazonaws.com/images/55f7cb2a-6243-4c65-8c0f-7db89f7b6bf2_andblank%20%2873%29.jpg', 'https://puddybuddybucket.s3.amazonaws.com/images/626a1d48-c6a7-4651-9e54-cec4775b8972_andblank%20%2874%29.jpg', 'https://puddybuddybucket.s3.amazonaws.com/images/c6ec5fbc-be4b-4355-bb33-534accde6949_andblank%20%2875%29.jpg');
INSERT INTO `puddybuddy`.`clothes_photos` (`clothes_id`, `clothes_photo_id`, `photo1_url`, `photo2_url`, `photo3_url`) VALUES ('26', '26', 'https://puddybuddybucket.s3.amazonaws.com/images/4a736b26-e17a-49fc-bfc4-e5ac30a779a8_andblank%20%2876%29.jpg', 'https://puddybuddybucket.s3.amazonaws.com/images/a9e30f85-8840-4ef5-9173-a4043f446fef_andblank%20%2877%29.jpg', 'https://puddybuddybucket.s3.amazonaws.com/images/18303f43-c68f-4d7c-b6cb-8f31d357d22a_andblank%20%2878%29.jpg');
INSERT INTO `puddybuddy`.`clothes_photos` (`clothes_id`, `clothes_photo_id`, `photo1_url`, `photo2_url`, `photo3_url`) VALUES ('27', '27', 'https://puddybuddybucket.s3.amazonaws.com/images/e3c56c92-3c82-4afc-8aca-f939b0e1539e_andblank%20%2879%29.jpg', 'https://puddybuddybucket.s3.amazonaws.com/images/74ee6fc0-73c9-4cd1-a2b7-e741b19b8b65_andblank%20%2880%29.jpg', 'https://puddybuddybucket.s3.amazonaws.com/images/195caa5c-2abd-41b0-99cc-78dea9d99635_andblank%20%2881%29.jpg');
INSERT INTO `puddybuddy`.`clothes_photos` (`clothes_id`, `clothes_photo_id`, `photo1_url`, `photo2_url`, `photo3_url`) VALUES ('28', '28', 'https://puddybuddybucket.s3.amazonaws.com/images/393050ca-4e22-48c7-812c-d94abd174a22_andblank%20%2882%29.jpg', 'https://puddybuddybucket.s3.amazonaws.com/images/114589b0-6673-44e4-a831-2a8a3a46051b_andblank%20%2883%29.jpg', 'https://puddybuddybucket.s3.amazonaws.com/images/4185b4d6-41e2-4321-842f-c75c62284bbd_andblank%20%2884%29.jpg');
INSERT INTO `puddybuddy`.`clothes_photos` (`clothes_id`, `clothes_photo_id`, `photo1_url`, `photo2_url`, `photo3_url`) VALUES ('29', '29', 'https://puddybuddybucket.s3.amazonaws.com/images/f0b31353-a566-496f-8aa1-9913f526f0f1_andblank%20%2885%29.jpg', 'https://puddybuddybucket.s3.amazonaws.com/images/635b380a-2b0e-43b7-9876-d8523dc1cf34_andblank%20%2886%29.jpg', 'https://puddybuddybucket.s3.amazonaws.com/images/748b2b8c-45ba-448b-a47f-f9d92ec8e241_andblank%20%2887%29.jpg');
INSERT INTO `puddybuddy`.`clothes_photos` (`clothes_id`, `clothes_photo_id`, `photo1_url`, `photo2_url`, `photo3_url`) VALUES ('30', '30', 'https://puddybuddybucket.s3.amazonaws.com/images/ff3e78f4-cc7d-4061-bc47-c23fd0d9058a_andblank%20%2888%29.jpg', 'https://puddybuddybucket.s3.amazonaws.com/images/cf4bfb98-c6e0-4d7d-8c6c-d3feda97d677_andblank%20%2889%29.jpg', 'https://puddybuddybucket.s3.amazonaws.com/images/efb89027-2b0b-41a9-a93d-cdfda5427c23_andblank%20%2890%29.jpg');
INSERT INTO `puddybuddy`.`clothes_photos` (`clothes_id`, `clothes_photo_id`, `photo1_url`, `photo2_url`, `photo3_url`) VALUES ('31', '31', 'https://puddybuddybucket.s3.amazonaws.com/images/abc4bef8-f0dd-47cb-b76f-6bffccd828c4_andblank%20%2891%29.jpg', 'https://puddybuddybucket.s3.amazonaws.com/images/639ed74b-3445-4cc2-b72e-9b2d2a829f03_andblank%20%2892%29.jpg', 'https://puddybuddybucket.s3.amazonaws.com/images/39b03a5a-fd21-492a-bc4b-3053362e6977_andblank%20%2893%29.jpg');
INSERT INTO `puddybuddy`.`clothes_photos` (`clothes_id`, `clothes_photo_id`, `photo1_url`, `photo2_url`, `photo3_url`) VALUES ('32', '32', 'https://puddybuddybucket.s3.amazonaws.com/images/1fbccdd6-df5a-42d8-9078-6b36d2c2f900_andblank%20%2894%29.jpg', 'https://puddybuddybucket.s3.amazonaws.com/images/01ea97ff-6080-4d7d-931f-bb68ea6a22e0_andblank%20%2895%29.jpg', 'https://puddybuddybucket.s3.amazonaws.com/images/293b3ee5-1b37-43b6-9c35-66d0a2395e89_andblank%20%2896%29.jpg');
INSERT INTO `puddybuddy`.`clothes_photos` (`clothes_id`, `clothes_photo_id`, `photo1_url`, `photo2_url`, `photo3_url`) VALUES ('33', '33', 'https://puddybuddybucket.s3.amazonaws.com/images/d170d8b4-f069-4ca0-813d-aad544eafd9f_andblank%20%2897%29.jpg', 'https://puddybuddybucket.s3.amazonaws.com/images/41c9ec58-fbc0-444e-a9f9-25eeeb5ebd10_andblank%20%2898%29.jpg', 'https://puddybuddybucket.s3.amazonaws.com/images/b5186305-bb5a-40e3-b790-8f2973e0a394_andblank%20%2899%29.jpg');
INSERT INTO `puddybuddy`.`clothes_photos` (`clothes_id`, `clothes_photo_id`, `photo1_url`, `photo2_url`, `photo3_url`) VALUES ('34', '34', 'https://puddybuddybucket.s3.amazonaws.com/images/d82f715c-2031-41c3-ac95-a00b6a8269cd_01%20%281%29.jpg', 'https://puddybuddybucket.s3.amazonaws.com/images/8f0615c9-20fb-4f37-9287-5c6ed2ab6a9e_01%20%282%29.jpg', 'https://puddybuddybucket.s3.amazonaws.com/images/26935b36-f28d-4279-aa1a-506cd3ee446e_01%20%283%29.jpg');
INSERT INTO `puddybuddy`.`clothes_photos` (`clothes_id`, `clothes_photo_id`, `photo1_url`, `photo2_url`, `photo3_url`) VALUES ('35', '35', 'https://puddybuddybucket.s3.amazonaws.com/images/90098169-b359-44a5-bd35-3018625c6388_02%20%281%29.jpg', 'https://puddybuddybucket.s3.amazonaws.com/images/65cbecae-1705-43fb-a787-5ee8caf0ab30_02%20%282%29.jpg', 'https://puddybuddybucket.s3.amazonaws.com/images/40249a08-a3c6-41a3-bca2-d49061bbb9fb_02%20%283%29.jpg');
INSERT INTO `puddybuddy`.`clothes_photos` (`clothes_id`, `clothes_photo_id`, `photo1_url`, `photo2_url`, `photo3_url`) VALUES ('36', '36', 'https://puddybuddybucket.s3.amazonaws.com/images/587755c0-347e-469c-be32-4ca1d133bdc2_03%20%281%29.jpg', 'https://puddybuddybucket.s3.amazonaws.com/images/ed38ddbe-3b62-4387-a990-5bdc2cdb5fa0_03%20%282%29.jpg', 'https://puddybuddybucket.s3.amazonaws.com/images/3b5d32ac-0232-4d75-8fe9-a80dafeeb112_03%20%283%29.jpg');
INSERT INTO `puddybuddy`.`clothes_photos` (`clothes_id`, `clothes_photo_id`, `photo1_url`, `photo2_url`, `photo3_url`) VALUES ('37', '37', 'https://puddybuddybucket.s3.amazonaws.com/images/42c95fe0-1754-477b-aa86-ab0cfb4f7e74_04%20%281%29.jpg', 'https://puddybuddybucket.s3.amazonaws.com/images/7a2ddba4-a7c4-4d64-9243-9ba895690a99_04%20%282%29.jpg', 'https://puddybuddybucket.s3.amazonaws.com/images/2d71c436-5ad6-4e60-b3e4-1cb5c6a9ad38_04%20%283%29.jpg');
INSERT INTO `puddybuddy`.`clothes_photos` (`clothes_id`, `clothes_photo_id`, `photo1_url`, `photo2_url`, `photo3_url`) VALUES ('38', '38', 'https://puddybuddybucket.s3.amazonaws.com/images/3728d5cb-885d-435d-b973-07c9ad5cde04_05%20%281%29.jpg', 'https://puddybuddybucket.s3.amazonaws.com/images/6a97b145-beda-46f3-a56a-867b92d6666d_05%20%282%29.jpg', 'https://puddybuddybucket.s3.amazonaws.com/images/ea36fb94-6d1f-4191-8466-8793fc403eed_05%20%283%29.jpg');
INSERT INTO `puddybuddy`.`clothes_photos` (`clothes_id`, `clothes_photo_id`, `photo1_url`, `photo2_url`, `photo3_url`) VALUES ('39', '39', 'https://puddybuddybucket.s3.amazonaws.com/images/5ef7cb93-e282-46c2-9348-ba4858daa45e_06%20%281%29.jpg', 'https://puddybuddybucket.s3.amazonaws.com/images/740fb7ed-3c72-4520-bf70-d79ad9e6c45b_06%20%282%29.jpg', 'https://puddybuddybucket.s3.amazonaws.com/images/6c2539cf-5ab1-4a22-af84-d3a7383f4a2f_06%20%283%29.jpg');
INSERT INTO `puddybuddy`.`clothes_photos` (`clothes_id`, `clothes_photo_id`, `photo1_url`, `photo2_url`, `photo3_url`) VALUES ('40', '40', 'https://puddybuddybucket.s3.amazonaws.com/images/74eb5927-647b-4036-b302-8e67039ce0b1_07%20%281%29.jpg', 'https://puddybuddybucket.s3.amazonaws.com/images/01b1f891-1752-4216-9a63-ecec7eb8c02d_07%20%282%29.jpg', 'https://puddybuddybucket.s3.amazonaws.com/images/b582eef3-9dd3-420e-9ec8-1935c17964d0_07%20%283%29.jpg');
INSERT INTO `puddybuddy`.`clothes_photos` (`clothes_id`, `clothes_photo_id`, `photo1_url`, `photo2_url`, `photo3_url`) VALUES ('41', '41', 'https://puddybuddybucket.s3.amazonaws.com/images/5d840f08-bb8e-4bba-9c15-0101d2107bd7_08%20%281%29.jpg', 'https://puddybuddybucket.s3.amazonaws.com/images/808b401b-6f73-4317-ac67-51182eba83e6_08%20%282%29.jpg', 'https://puddybuddybucket.s3.amazonaws.com/images/24c9aa34-abcb-4ba8-8914-5fca1df19c98_08%20%283%29.jpg');
INSERT INTO `puddybuddy`.`clothes_photos` (`clothes_id`, `clothes_photo_id`, `photo1_url`, `photo2_url`, `photo3_url`) VALUES ('42', '42', 'https://puddybuddybucket.s3.amazonaws.com/images/3d91f215-814b-454e-8dab-f37c2c500b80_09%20%281%29.jpg', 'https://puddybuddybucket.s3.amazonaws.com/images/9ac0ba4c-8b4a-45e9-885a-531e918940a6_09%20%282%29.jpg', 'https://puddybuddybucket.s3.amazonaws.com/images/095da00d-a4f4-4f82-ae94-7789019af319_09%20%283%29.jpg');
INSERT INTO `puddybuddy`.`clothes_photos` (`clothes_id`, `clothes_photo_id`, `photo1_url`, `photo2_url`, `photo3_url`) VALUES ('43', '43', 'https://puddybuddybucket.s3.amazonaws.com/images/e9e2b076-b40f-4e12-9881-e500c0d6149c_10%20%281%29.jpg', 'https://puddybuddybucket.s3.amazonaws.com/images/2ddd23e6-d92e-432f-95e9-556d96cbe48a_10%20%282%29.jpg', 'https://puddybuddybucket.s3.amazonaws.com/images/1df4219c-eaad-4d94-8188-e032d0fa1ead_10%20%283%29.jpg');
INSERT INTO `puddybuddy`.`clothes_photos` (`clothes_id`, `clothes_photo_id`, `photo1_url`, `photo2_url`, `photo3_url`) VALUES ('44', '44', 'https://puddybuddybucket.s3.amazonaws.com/images/310b473a-7681-48b3-a0e6-6c14b39ac319_11%20%281%29.jpg', 'https://puddybuddybucket.s3.amazonaws.com/images/aa348534-4b99-41c3-be44-3bef8dcdfef3_11%20%282%29.jpg', 'https://puddybuddybucket.s3.amazonaws.com/images/ea531d05-ce2c-4966-a1f8-20abc124335d_11%20%283%29.jpg');
INSERT INTO `puddybuddy`.`clothes_photos` (`clothes_id`, `clothes_photo_id`, `photo1_url`, `photo2_url`, `photo3_url`) VALUES ('45', '45', 'https://puddybuddybucket.s3.amazonaws.com/images/6cf99f7c-d472-40ec-9fef-57cd01f2f114_12%20%281%29.png', 'https://puddybuddybucket.s3.amazonaws.com/images/2117c9e6-7a95-440a-a339-1afe5cbdff2d_12%20%282%29.png', 'https://puddybuddybucket.s3.amazonaws.com/images/b3ee5cf3-4e88-4ec3-bb96-ffccc4396f0d_12%20%283%29.png');
INSERT INTO `puddybuddy`.`clothes_photos` (`clothes_id`, `clothes_photo_id`, `photo1_url`, `photo2_url`, `photo3_url`) VALUES ('46', '46', 'https://puddybuddybucket.s3.amazonaws.com/images/03403264-f263-4d66-9d7c-2de424258fc9_13%20%281%29.png', 'https://puddybuddybucket.s3.amazonaws.com/images/118b9820-659b-4eb5-9106-b3245f235ac9_13%20%282%29.png', 'https://puddybuddybucket.s3.amazonaws.com/images/40330e53-8618-4634-b065-1ecd699889a6_13%20%283%29.png');
INSERT INTO `puddybuddy`.`clothes_photos` (`clothes_id`, `clothes_photo_id`, `photo1_url`, `photo2_url`, `photo3_url`) VALUES ('47', '47', 'https://puddybuddybucket.s3.amazonaws.com/images/cd0193c1-ffa4-456f-a0bc-5bae733575b7_14%20%281%29.png', 'https://puddybuddybucket.s3.amazonaws.com/images/341e2ac2-27ec-401b-b785-4dd09c33225f_14%20%282%29.png', 'https://puddybuddybucket.s3.amazonaws.com/images/97bef11e-81d6-4792-905a-3927bc0d260f_14%20%283%29.png');
INSERT INTO `puddybuddy`.`clothes_photos` (`clothes_id`, `clothes_photo_id`, `photo1_url`, `photo2_url`, `photo3_url`) VALUES ('48', '48', 'https://puddybuddybucket.s3.amazonaws.com/images/19060e11-876c-44c1-b69e-4640546e862e_pp%20%2801%29.png', 'https://puddybuddybucket.s3.amazonaws.com/images/bcbaa24e-d68e-4285-ab3d-803285f31ba0_pp%20%2802%29.png', 'https://puddybuddybucket.s3.amazonaws.com/images/bec05a23-21d3-464e-82ef-42432c333aab_pp%20%2803%29.png');
INSERT INTO `puddybuddy`.`clothes_photos` (`clothes_id`, `clothes_photo_id`, `photo1_url`, `photo2_url`, `photo3_url`) VALUES ('49', '49', 'https://puddybuddybucket.s3.amazonaws.com/images/2e3b1dd5-8074-438c-9a2c-f2be6cc46168_pp%20%2804%29.png', 'https://puddybuddybucket.s3.amazonaws.com/images/4d83836e-2cc7-470f-9409-53421d4db715_pp%20%2805%29.png', 'https://puddybuddybucket.s3.amazonaws.com/images/1c05217c-d3b6-49e2-8038-2241f7451bd5_pp%20%2806%29.png');
INSERT INTO `puddybuddy`.`clothes_photos` (`clothes_id`, `clothes_photo_id`, `photo1_url`, `photo2_url`, `photo3_url`) VALUES ('50', '50', 'https://puddybuddybucket.s3.amazonaws.com/images/8875f521-0b23-4487-81cd-e84f96d405a4_pp%20%2807%29.png', 'https://puddybuddybucket.s3.amazonaws.com/images/81bff7e5-4984-4556-8ce4-c2be3413fd13_pp%20%2808%29.png', 'https://puddybuddybucket.s3.amazonaws.com/images/f19677d6-9a1d-483a-b43a-3f06136cdfef_pp%20%2809%29.png');
INSERT INTO `puddybuddy`.`clothes_photos` (`clothes_id`, `clothes_photo_id`, `photo1_url`, `photo2_url`, `photo3_url`) VALUES ('51', '51', 'https://puddybuddybucket.s3.amazonaws.com/images/c7a48e11-3824-4a9c-8cff-8b0fadf32a03_pp%20%2810%29.png', 'https://puddybuddybucket.s3.amazonaws.com/images/e5b75ecb-58d4-4655-bee2-1a48e8a5b02f_pp%20%2811%29.png', 'https://puddybuddybucket.s3.amazonaws.com/images/a8a001bd-0d9b-471c-9005-b90148610480_pp%20%2812%29.png');
INSERT INTO `puddybuddy`.`clothes_photos` (`clothes_id`, `clothes_photo_id`, `photo1_url`, `photo2_url`, `photo3_url`) VALUES ('52', '52', 'https://puddybuddybucket.s3.amazonaws.com/images/8168dd25-3918-4c4e-9da4-3508f78fa039_pp%20%2813%29.png', 'https://puddybuddybucket.s3.amazonaws.com/images/a0c1597b-5b82-4d74-82fd-7af1a581924f_pp%20%2814%29.png', 'https://puddybuddybucket.s3.amazonaws.com/images/fe23e413-4032-4bae-857e-a6bac5955bdd_pp%20%2815%29.png');
INSERT INTO `puddybuddy`.`clothes_photos` (`clothes_id`, `clothes_photo_id`, `photo1_url`, `photo2_url`, `photo3_url`) VALUES ('53', '53', 'https://puddybuddybucket.s3.amazonaws.com/images/415641b3-288b-4411-ba10-6d79126e2559_pp%20%2816%29.png', 'https://puddybuddybucket.s3.amazonaws.com/images/2152739c-2d30-487b-ab7f-d923536ce774_pp%20%2817%29.png', 'https://puddybuddybucket.s3.amazonaws.com/images/63daa03e-6280-42fa-bd2b-663c6138f675_pp%20%2818%29.png');
INSERT INTO `puddybuddy`.`clothes_photos` (`clothes_id`, `clothes_photo_id`, `photo1_url`, `photo2_url`, `photo3_url`) VALUES ('54', '54', 'https://puddybuddybucket.s3.amazonaws.com/images/4ffd28c9-9871-49df-b87b-a97630936a1f_pp%20%2819%29.png', 'https://puddybuddybucket.s3.amazonaws.com/images/4fafb910-a60b-4e0e-b4dc-a5f475a731a7_pp%20%2820%29.png', 'https://puddybuddybucket.s3.amazonaws.com/images/96c9dcba-4ddd-4809-ad0b-7c66e4fa0c75_pp%20%2821%29.png');
INSERT INTO `puddybuddy`.`clothes_photos` (`clothes_id`, `clothes_photo_id`, `photo1_url`, `photo2_url`, `photo3_url`) VALUES ('55', '55', 'https://puddybuddybucket.s3.amazonaws.com/images/9cef3d5e-080b-4e49-aa6c-2c8465f896c1_pp%20%2822%29.png', 'https://puddybuddybucket.s3.amazonaws.com/images/c303c963-35ea-4ce8-85e4-10071d26e9b8_pp%20%2823%29.png', 'https://puddybuddybucket.s3.amazonaws.com/images/fad343ba-3a09-4f0f-ba20-5c3f52e47023_pp%20%2824%29.png');
INSERT INTO `puddybuddy`.`clothes_photos` (`clothes_id`, `clothes_photo_id`, `photo1_url`, `photo2_url`, `photo3_url`) VALUES ('56', '56', 'https://puddybuddybucket.s3.amazonaws.com/images/92e43f89-f997-49b1-a21a-a897e28d38dd_float%20%2801%29.png', 'https://puddybuddybucket.s3.amazonaws.com/images/d059915b-651e-4b0a-8e2d-8a54bd858133_float%20%2802%29.png', 'https://puddybuddybucket.s3.amazonaws.com/images/bf4778b8-e35f-4378-b02a-5a133d56bda2_float%20%2803%29.png');
INSERT INTO `puddybuddy`.`clothes_photos` (`clothes_id`, `clothes_photo_id`, `photo1_url`, `photo2_url`, `photo3_url`) VALUES ('57', '57', 'https://puddybuddybucket.s3.amazonaws.com/images/9ec66eaf-d975-4f52-8e72-b538e2d9cdde_float%20%2804%29.png', 'https://puddybuddybucket.s3.amazonaws.com/images/4135454b-35ab-4524-ad63-6a3e6530f768_float%20%2805%29.png', 'https://puddybuddybucket.s3.amazonaws.com/images/0ccd4962-c5ab-4bc8-a61c-1fc1d92552c9_float%20%2806%29.png');
INSERT INTO `puddybuddy`.`clothes_photos` (`clothes_id`, `clothes_photo_id`, `photo1_url`, `photo2_url`, `photo3_url`) VALUES ('58', '58', 'https://puddybuddybucket.s3.amazonaws.com/images/5027aada-c084-47df-ade0-bb1a3727cc8e_float%20%2807%29.png', 'https://puddybuddybucket.s3.amazonaws.com/images/d3406672-6ec7-48e9-883e-5d27cb9418a9_float%20%2808%29.png', 'https://puddybuddybucket.s3.amazonaws.com/images/c27d3548-8427-4b56-9248-bbf94f34adfd_float%20%2809%29.png');
INSERT INTO `puddybuddy`.`clothes_photos` (`clothes_id`, `clothes_photo_id`, `photo1_url`, `photo2_url`, `photo3_url`) VALUES ('59', '59', 'https://puddybuddybucket.s3.amazonaws.com/images/ff4f3f34-de5a-45d3-b157-b8be595d460d_float%20%2810%29.png', 'https://puddybuddybucket.s3.amazonaws.com/images/d39e680f-aa9c-4844-b819-b79040f024d6_float%20%2811%29.png', 'https://puddybuddybucket.s3.amazonaws.com/images/a16987c7-2068-4944-9a04-8f1240cfb578_float%20%2812%29.png');
INSERT INTO `puddybuddy`.`clothes_photos` (`clothes_id`, `clothes_photo_id`, `photo1_url`, `photo2_url`, `photo3_url`) VALUES ('60', '60', 'https://puddybuddybucket.s3.amazonaws.com/images/4f3fe151-b879-4309-a18a-eb42072ada18_float%20%2813%29.png', 'https://puddybuddybucket.s3.amazonaws.com/images/1f3702b4-1a96-4b2f-9415-9e887760f83e_float%20%2814%29.png', 'https://puddybuddybucket.s3.amazonaws.com/images/bfacac10-4cd1-4b5b-9908-c575c1055936_float%20%2815%29.png');
INSERT INTO `puddybuddy`.`clothes_photos` (`clothes_id`, `clothes_photo_id`, `photo1_url`, `photo2_url`, `photo3_url`) VALUES ('61', '61', 'https://puddybuddybucket.s3.amazonaws.com/images/e0aa5459-dc86-4d36-bb0c-ef7bad95ec63_float%20%2816%29.png', 'https://puddybuddybucket.s3.amazonaws.com/images/f80c3edb-97d8-46bb-bdcf-10c90bc3c7ae_float%20%2817%29.png', 'https://puddybuddybucket.s3.amazonaws.com/images/f22d1e69-9822-4f73-b6b2-9b75b25e5f7d_float%20%2818%29.png');
INSERT INTO `puddybuddy`.`clothes_photos` (`clothes_id`, `clothes_photo_id`, `photo1_url`, `photo2_url`, `photo3_url`) VALUES ('62', '62', 'https://puddybuddybucket.s3.amazonaws.com/images/b6cbb2f1-e8f2-4e5d-be3c-caa943b7c3e6_float%20%2819%29.png', 'https://puddybuddybucket.s3.amazonaws.com/images/0768b90c-ecb4-40b4-a51a-8bd4c6bc8cb4_float%20%2820%29.png', 'https://puddybuddybucket.s3.amazonaws.com/images/f2ca16ea-547b-4c3c-be3e-ed60895f42dc_float%20%2821%29.png');
INSERT INTO `puddybuddy`.`clothes_photos` (`clothes_id`, `clothes_photo_id`, `photo1_url`, `photo2_url`, `photo3_url`) VALUES ('63', '63', 'https://puddybuddybucket.s3.amazonaws.com/images/a88fe4f1-96bb-4d2c-b827-0b0c0c9ae1d1_float%20%2822%29.png', 'https://puddybuddybucket.s3.amazonaws.com/images/ef0185bf-8cea-46b7-b483-0e37883f1d27_float%20%2823%29.png', 'https://puddybuddybucket.s3.amazonaws.com/images/a562f3e0-67e0-483c-a055-11b935d2a8f7_float%20%2824%29.png');
INSERT INTO `puddybuddy`.`clothes_photos` (`clothes_id`, `clothes_photo_id`, `photo1_url`, `photo2_url`, `photo3_url`) VALUES ('64', '64', 'https://puddybuddybucket.s3.amazonaws.com/images/7a08d79e-e658-4a62-af72-150d5ad6b391_float%20%2825%29.png', 'https://puddybuddybucket.s3.amazonaws.com/images/df019e8c-68c5-48a0-98aa-164ed77296d4_float%20%2826%29.png', 'https://puddybuddybucket.s3.amazonaws.com/images/d81ab77c-0efa-44fb-8dab-3cbc7fe56f0d_float%20%2827%29.png');
INSERT INTO `puddybuddy`.`clothes_photos` (`clothes_id`, `clothes_photo_id`, `photo1_url`, `photo2_url`, `photo3_url`) VALUES ('65', '65', 'https://puddybuddybucket.s3.amazonaws.com/images/3c11a685-e6e6-48c3-8e27-0ec16e0b2b84_float%20%2828%29.png', 'https://puddybuddybucket.s3.amazonaws.com/images/febaba2f-4499-4d9e-8852-74648a6d2c5e_float%20%2829%29.png', 'https://puddybuddybucket.s3.amazonaws.com/images/b1a87c42-681b-45fd-8978-9c069ed16ab7_float%20%2830%29.png');
INSERT INTO `puddybuddy`.`clothes_photos` (`clothes_id`, `clothes_photo_id`, `photo1_url`, `photo2_url`, `photo3_url`) VALUES ('66', '66', 'https://puddybuddybucket.s3.amazonaws.com/images/d8a81865-b128-4579-bf18-7f641cace51b_float%20%2831%29.png', 'https://puddybuddybucket.s3.amazonaws.com/images/0c74dfe1-c80b-4cfe-a419-f0ca83ab999b_float%20%2832%29.png', 'https://puddybuddybucket.s3.amazonaws.com/images/4b008faa-2524-4a9a-b3f2-bad0a19e2242_float%20%2833%29.png');
INSERT INTO `puddybuddy`.`clothes_photos` (`clothes_id`, `clothes_photo_id`, `photo1_url`, `photo2_url`, `photo3_url`) VALUES ('67', '67', 'https://puddybuddybucket.s3.amazonaws.com/images/4f119062-7535-4fbe-b83b-877105451974_float%20%2834%29.png', 'https://puddybuddybucket.s3.amazonaws.com/images/c73981e2-0ad5-4a00-b4ce-48057f290e3c_float%20%2835%29.png', 'https://puddybuddybucket.s3.amazonaws.com/images/32eaeb11-8012-4f1c-b662-b7ae1149fcea_float%20%2836%29.png');
INSERT INTO `puddybuddy`.`clothes_photos` (`clothes_id`, `clothes_photo_id`, `photo1_url`, `photo2_url`, `photo3_url`) VALUES ('68', '68', 'https://puddybuddybucket.s3.amazonaws.com/images/be00fc80-7cd6-40cd-83c4-7ef66f4e71ec_float%20%2837%29.png', 'https://puddybuddybucket.s3.amazonaws.com/images/186556da-8f41-4bd7-88fd-3a2e2e2b94f9_float%20%2838%29.png', 'https://puddybuddybucket.s3.amazonaws.com/images/72f0f148-c51c-4c66-8867-27c795c81c93_float%20%2839%29.png');
INSERT INTO `puddybuddy`.`clothes_photos` (`clothes_id`, `clothes_photo_id`, `photo1_url`, `photo2_url`, `photo3_url`) VALUES ('69', '69', 'https://puddybuddybucket.s3.amazonaws.com/images/9feaf976-738c-4f80-9569-79494ff05a9f_float%20%2840%29.png', 'https://puddybuddybucket.s3.amazonaws.com/images/dd695e9f-934b-4bc6-b06e-dc5a40e131ab_float%20%2841%29.png', 'https://puddybuddybucket.s3.amazonaws.com/images/d54c286e-9b24-4c9f-aaaa-65a863bec9ae_float%20%2842%29.png');
INSERT INTO `puddybuddy`.`clothes_photos` (`clothes_id`, `clothes_photo_id`, `photo1_url`, `photo2_url`, `photo3_url`) VALUES ('70', '70', 'https://puddybuddybucket.s3.amazonaws.com/images/939e97a6-367a-42d2-bda2-551bcd56c993_float%20%2843%29.png', 'https://puddybuddybucket.s3.amazonaws.com/images/9cadf747-7de7-4460-8c38-19baf9a71a12_float%20%2844%29.png', 'https://puddybuddybucket.s3.amazonaws.com/images/f181878d-25b2-4292-83fb-4c653b95cbd5_float%20%2845%29.png');
INSERT INTO `puddybuddy`.`clothes_photos` (`clothes_id`, `clothes_photo_id`, `photo1_url`, `photo2_url`, `photo3_url`) VALUES ('71', '71', 'https://puddybuddybucket.s3.amazonaws.com/images/9e2ab077-1fc4-4057-afe2-10a60e2ff8a6_mlb%20%2801%29.jpg', 'https://puddybuddybucket.s3.amazonaws.com/images/cb6b7f7d-4542-4330-a2a1-7b10f9d78494_mlb%20%2802%29.jpg', 'https://puddybuddybucket.s3.amazonaws.com/images/b54fd589-8a27-4d54-bf7d-d9fe7297e942_mlb%20%2803%29.jpg');
INSERT INTO `puddybuddy`.`clothes_photos` (`clothes_id`, `clothes_photo_id`, `photo1_url`, `photo2_url`, `photo3_url`) VALUES ('72', '72', 'https://puddybuddybucket.s3.amazonaws.com/images/13a1fae0-572d-4110-a91e-cc5f6054c593_mlb%20%2804%29.jpg', 'https://puddybuddybucket.s3.amazonaws.com/images/aa52a821-74c3-452d-afeb-a57e812a4040_mlb%20%2805%29.jpg', 'https://puddybuddybucket.s3.amazonaws.com/images/58226444-1187-4f9d-b2a4-ac5496a83082_mlb%20%2806%29.jpg');
INSERT INTO `puddybuddy`.`clothes_photos` (`clothes_id`, `clothes_photo_id`, `photo1_url`, `photo2_url`, `photo3_url`) VALUES ('73', '73', 'https://puddybuddybucket.s3.amazonaws.com/images/43fdaa7f-7140-4c24-af37-53ff85d53c43_mlb%20%2807%29.jpg', 'https://puddybuddybucket.s3.amazonaws.com/images/f33df797-7c4a-4ecd-bc77-563e8fe919a7_mlb%20%2808%29.jpg', 'https://puddybuddybucket.s3.amazonaws.com/images/0c99ce7c-8796-4c75-be96-5ac6d8db8a27_mlb%20%2809%29.jpg');
INSERT INTO `puddybuddy`.`clothes_photos` (`clothes_id`, `clothes_photo_id`, `photo1_url`, `photo2_url`, `photo3_url`) VALUES ('74', '74', 'https://puddybuddybucket.s3.amazonaws.com/images/b64a25c6-cfbe-446b-8476-4e888274de8b_mlb%20%2810%29.jpg', 'https://puddybuddybucket.s3.amazonaws.com/images/05aa029a-1bfa-4dd1-807f-7105b8f325fa_mlb%20%2811%29.jpg', 'https://puddybuddybucket.s3.amazonaws.com/images/03511bf2-e358-41df-af88-13940a1208f9_mlb%20%2812%29.jpg');
INSERT INTO `puddybuddy`.`clothes_photos` (`clothes_id`, `clothes_photo_id`, `photo1_url`, `photo2_url`, `photo3_url`) VALUES ('75', '75', 'https://puddybuddybucket.s3.amazonaws.com/images/810640c3-7c99-48aa-9a88-a590f0584b7c_mlb%20%2813%29.jpg', 'https://puddybuddybucket.s3.amazonaws.com/images/a628a882-95b8-4996-971b-2d2f2539f219_mlb%20%2814%29.jpg', 'https://puddybuddybucket.s3.amazonaws.com/images/be736e46-4c70-43ae-8efa-d8ff856fa82a_mlb%20%2815%29.jpg');
INSERT INTO `puddybuddy`.`clothes_photos` (`clothes_id`, `clothes_photo_id`, `photo1_url`, `photo2_url`, `photo3_url`) VALUES ('76', '76', 'https://puddybuddybucket.s3.amazonaws.com/images/57622e50-f347-48f8-bdc5-25261f9c84f4_mlb%20%2816%29.jpg', 'https://puddybuddybucket.s3.amazonaws.com/images/6cc6b6cc-a792-4991-be03-c72307a6561f_mlb%20%2817%29.jpg', 'https://puddybuddybucket.s3.amazonaws.com/images/c77e43a7-c653-4efc-a317-07c50697980c_mlb%20%2818%29.jpg');
INSERT INTO `puddybuddy`.`clothes_photos` (`clothes_id`, `clothes_photo_id`, `photo1_url`, `photo2_url`, `photo3_url`) VALUES ('77', '77', 'https://puddybuddybucket.s3.amazonaws.com/images/fcea7270-7db7-4672-aeb2-f8f8ba0e46c3_mlb%20%2819%29.jpg', 'https://puddybuddybucket.s3.amazonaws.com/images/a2c3e11c-230d-4e19-ba4d-c094db2b4a83_mlb%20%2820%29.jpg', 'https://puddybuddybucket.s3.amazonaws.com/images/3ac0942b-62ad-4173-99f4-94dc690021b4_mlb%20%2821%29.jpg');
INSERT INTO `puddybuddy`.`clothes_photos` (`clothes_id`, `clothes_photo_id`, `photo1_url`, `photo2_url`, `photo3_url`) VALUES ('78', '78', 'https://puddybuddybucket.s3.amazonaws.com/images/85a7d104-91e0-494d-b7a0-d041aa8ea126_mlb%20%2822%29.jpg', 'https://puddybuddybucket.s3.amazonaws.com/images/3a85c4d8-c237-444b-8eaa-ff9ed89c7278_mlb%20%2823%29.jpg', 'https://puddybuddybucket.s3.amazonaws.com/images/9a5145fc-65f9-4e1d-ae84-76959fb729e3_mlb%20%2824%29.jpg');
INSERT INTO `puddybuddy`.`clothes_photos` (`clothes_id`, `clothes_photo_id`, `photo1_url`, `photo2_url`, `photo3_url`) VALUES ('79', '79', 'https://puddybuddybucket.s3.amazonaws.com/images/3415b351-e47c-4fe7-93c2-91bdf306e36b_mlb%20%2825%29.jpg', 'https://puddybuddybucket.s3.amazonaws.com/images/da2813b5-b4aa-4ed9-a78d-b74c38e6c331_mlb%20%2826%29.jpg', 'https://puddybuddybucket.s3.amazonaws.com/images/e6ee5f0e-d916-424a-8e0e-9808f13c7d47_mlb%20%2827%29.jpg');
INSERT INTO `puddybuddy`.`clothes_photos` (`clothes_id`, `clothes_photo_id`, `photo1_url`, `photo2_url`, `photo3_url`) VALUES ('80', '80', 'https://puddybuddybucket.s3.amazonaws.com/images/05e59ff1-7bad-433c-9dec-fc00aa965fc5_mlb%20%2828%29.jpg', 'https://puddybuddybucket.s3.amazonaws.com/images/1ba0c354-aa06-422a-b3a4-3c5e5fe49b36_mlb%20%2829%29.jpg', 'https://puddybuddybucket.s3.amazonaws.com/images/ad3eb199-bd11-4d71-89de-4209e7da510f_mlb%20%2830%29.jpg');
INSERT INTO `puddybuddy`.`clothes_photos` (`clothes_id`, `clothes_photo_id`, `photo1_url`, `photo2_url`, `photo3_url`) VALUES ('81', '81', 'https://puddybuddybucket.s3.amazonaws.com/images/377f1965-3146-4bab-8303-9fae63bbbcb9_mlb%20%2831%29.jpg', 'https://puddybuddybucket.s3.amazonaws.com/images/317d82db-6125-497a-bce9-133c2ca6d4f5_mlb%20%2832%29.jpg', 'https://puddybuddybucket.s3.amazonaws.com/images/4896379a-5d4e-4b63-a021-a1d9cc9c4a45_mlb%20%2833%29.jpg');
INSERT INTO `puddybuddy`.`clothes_photos` (`clothes_id`, `clothes_photo_id`, `photo1_url`, `photo2_url`, `photo3_url`) VALUES ('82', '82', 'https://puddybuddybucket.s3.amazonaws.com/images/60454dda-cf19-4c71-8986-ef77bfa60dcc_mlb%20%2834%29.jpg', 'https://puddybuddybucket.s3.amazonaws.com/images/9b6a4959-1480-40f1-834c-929cafa8ebfa_mlb%20%2835%29.jpg', 'https://puddybuddybucket.s3.amazonaws.com/images/10114046-7865-4a45-a3fd-3499f6c65ae9_mlb%20%2836%29.jpg');
INSERT INTO `puddybuddy`.`clothes_photos` (`clothes_id`, `clothes_photo_id`, `photo1_url`, `photo2_url`, `photo3_url`) VALUES ('83', '83', 'https://puddybuddybucket.s3.amazonaws.com/images/dc1f7468-e8f2-4cfb-89c6-41e4a332bb74_mlb%20%2837%29.jpg', 'https://puddybuddybucket.s3.amazonaws.com/images/6078350f-c96c-4740-984b-01ab068fc784_mlb%20%2838%29.jpg', 'https://puddybuddybucket.s3.amazonaws.com/images/6d5814f1-58ed-4945-b0c9-9b4e2cc204c8_mlb%20%2839%29.jpg');
INSERT INTO `puddybuddy`.`clothes_photos` (`clothes_id`, `clothes_photo_id`, `photo1_url`, `photo2_url`, `photo3_url`) VALUES ('84', '84', 'https://puddybuddybucket.s3.amazonaws.com/images/80dd9771-57e2-43b7-967f-0d8493dd03b9_mlb%20%2840%29.jpg', 'https://puddybuddybucket.s3.amazonaws.com/images/4d583020-78eb-4f2f-86a7-8e37fa715fb2_mlb%20%2841%29.jpg', 'https://puddybuddybucket.s3.amazonaws.com/images/2022a8fa-9c3f-493d-9252-dad019e9bd71_mlb%20%2842%29.jpg');
INSERT INTO `puddybuddy`.`clothes_photos` (`clothes_id`, `clothes_photo_id`, `photo1_url`, `photo2_url`, `photo3_url`) VALUES ('85', '85', 'https://puddybuddybucket.s3.amazonaws.com/images/f419072a-97bb-4edb-adcd-cc73034d8cf1_mlb%20%2843%29.jpg', 'https://puddybuddybucket.s3.amazonaws.com/images/a85d47a8-b7a4-4b8a-b35d-2f816a2ba5b7_mlb%20%2844%29.jpg', 'https://puddybuddybucket.s3.amazonaws.com/images/3ffc505e-0a1b-4a4a-8389-31a7a2fe4f93_mlb%20%2845%29.jpg');
INSERT INTO `puddybuddy`.`clothes_photos` (`clothes_id`, `clothes_photo_id`, `photo1_url`, `photo2_url`, `photo3_url`) VALUES ('86', '86', 'https://puddybuddybucket.s3.amazonaws.com/images/6b1cc5aa-351d-44b8-bc9c-a5257548f8b5_mlb%20%2846%29.jpg', 'https://puddybuddybucket.s3.amazonaws.com/images/98423d47-7200-460f-a998-caab4d7c8ed3_mlb%20%2847%29.jpg', 'https://puddybuddybucket.s3.amazonaws.com/images/e3650aa2-b25d-4998-b23c-3769c6fa94fa_mlb%20%2848%29.jpg');
INSERT INTO `puddybuddy`.`clothes_photos` (`clothes_id`, `clothes_photo_id`, `photo1_url`, `photo2_url`, `photo3_url`) VALUES ('87', '87', 'https://puddybuddybucket.s3.amazonaws.com/images/402588d9-b476-4651-8213-955b322c1153_mlb%20%2849%29.jpg', 'https://puddybuddybucket.s3.amazonaws.com/images/c92a90c5-ee04-4ba0-bc39-431b3e0360cf_mlb%20%2850%29.jpg', 'https://puddybuddybucket.s3.amazonaws.com/images/af336aac-680c-4866-99a5-f1569bee8a19_mlb%20%2851%29.jpg');
INSERT INTO `puddybuddy`.`clothes_photos` (`clothes_id`, `clothes_photo_id`, `photo1_url`, `photo2_url`, `photo3_url`) VALUES ('88', '88', 'https://puddybuddybucket.s3.amazonaws.com/images/c60083fe-ee79-44cc-8393-f4b7d8c034b6_mlb%20%2852%29.jpg', 'https://puddybuddybucket.s3.amazonaws.com/images/9e784479-81b8-405f-85c5-baf66040e556_mlb%20%2853%29.jpg', 'https://puddybuddybucket.s3.amazonaws.com/images/4d6951e1-fd26-4e3d-ae1a-cd4c2693282f_mlb%20%2854%29.jpg');
INSERT INTO `puddybuddy`.`clothes_photos` (`clothes_id`, `clothes_photo_id`, `photo1_url`, `photo2_url`, `photo3_url`) VALUES ('89', '89', 'https://puddybuddybucket.s3.amazonaws.com/images/21fea0bc-864a-4822-8bb9-aaf2129d78f4_mlb%20%2855%29.jpg', 'https://puddybuddybucket.s3.amazonaws.com/images/80262c29-41dc-4d00-8775-f1b0dda305c5_mlb%20%2856%29.jpg', 'https://puddybuddybucket.s3.amazonaws.com/images/78f2ffc4-aa2c-47a4-bb6f-8c2967fed65c_mlb%20%2857%29.jpg');
INSERT INTO `puddybuddy`.`clothes_photos` (`clothes_id`, `clothes_photo_id`, `photo1_url`, `photo2_url`, `photo3_url`) VALUES ('90', '90', 'https://puddybuddybucket.s3.amazonaws.com/images/c8a95544-cb77-4cb9-95f3-a20114e3adac_mlb%20%2858%29.jpg', 'https://puddybuddybucket.s3.amazonaws.com/images/92405a57-3297-4965-ad7b-d4f051cdd2e7_mlb%20%2859%29.jpg', 'https://puddybuddybucket.s3.amazonaws.com/images/465f716b-f644-4dee-b47a-311e44413970_mlb%20%2860%29.jpg');
INSERT INTO `puddybuddy`.`clothes_photos` (`clothes_id`, `clothes_photo_id`, `photo1_url`, `photo2_url`, `photo3_url`) VALUES ('91', '91', 'https://puddybuddybucket.s3.amazonaws.com/images/8f572e36-0626-47ea-82ec-11b6dc65eaae_mlb%20%2861%29.jpg', 'https://puddybuddybucket.s3.amazonaws.com/images/1a8302c1-a4e8-4298-b39a-ca9f6ca99fa8_mlb%20%2862%29.jpg', 'https://puddybuddybucket.s3.amazonaws.com/images/b5e1feab-b2d8-409c-a74f-20062ce839e7_mlb%20%2863%29.jpg');
INSERT INTO `puddybuddy`.`clothes_photos` (`clothes_id`, `clothes_photo_id`, `photo1_url`, `photo2_url`, `photo3_url`) VALUES ('92', '92', 'https://puddybuddybucket.s3.amazonaws.com/images/909f05bf-2cb0-4c18-8fef-d7824bd4c3d6_mlb%20%2864%29.jpg', 'https://puddybuddybucket.s3.amazonaws.com/images/ada8aa13-1f96-4fc5-9d93-4c094b1e84eb_mlb%20%2865%29.jpg', 'https://puddybuddybucket.s3.amazonaws.com/images/6449331b-f4b6-4dc6-aa13-984cc71390b6_mlb%20%2866%29.jpg');
INSERT INTO `puddybuddy`.`clothes_photos` (`clothes_id`, `clothes_photo_id`, `photo1_url`, `photo2_url`, `photo3_url`) VALUES ('93', '93', 'https://puddybuddybucket.s3.amazonaws.com/images/8d6ab573-0988-45a7-9049-8f4cc78597b6_mlb%20%2867%29.jpg', 'https://puddybuddybucket.s3.amazonaws.com/images/80db18f0-6976-4264-b4a1-a7b58d86308b_mlb%20%2868%29.jpg', 'https://puddybuddybucket.s3.amazonaws.com/images/5b1e9066-6f08-42b8-a257-7f7bdce3972e_mlb%20%2869%29.jpg');
INSERT INTO `puddybuddy`.`clothes_photos` (`clothes_id`, `clothes_photo_id`, `photo1_url`, `photo2_url`, `photo3_url`) VALUES ('94', '94', 'https://puddybuddybucket.s3.amazonaws.com/images/f55edb4a-2a2b-4852-a0dc-889ae1d6b395_mlb%20%2870%29.jpg', 'https://puddybuddybucket.s3.amazonaws.com/images/6887457f-bdf5-44dc-bed0-5849a6c2058a_mlb%20%2871%29.jpg', 'https://puddybuddybucket.s3.amazonaws.com/images/161c9b97-9d07-40b3-ad24-6bd3189b8ecc_mlb%20%2872%29.jpg');
INSERT INTO `puddybuddy`.`clothes_photos` (`clothes_id`, `clothes_photo_id`, `photo1_url`, `photo2_url`, `photo3_url`) VALUES ('95', '95', 'https://puddybuddybucket.s3.amazonaws.com/images/21743f4a-d4f7-480c-ba9b-9a999f365d8a_mlb%20%2873%29.jpg', 'https://puddybuddybucket.s3.amazonaws.com/images/2fea3559-b884-49b2-b84a-7c307aa395c4_mlb%20%2874%29.jpg', 'https://puddybuddybucket.s3.amazonaws.com/images/ee56649a-af2a-42fd-ad83-89385e027d9b_mlb%20%2875%29.jpg');
INSERT INTO `puddybuddy`.`clothes_photos` (`clothes_id`, `clothes_photo_id`, `photo1_url`, `photo2_url`, `photo3_url`) VALUES ('96', '96', 'https://puddybuddybucket.s3.amazonaws.com/images/498f403d-ef63-43e0-962a-d7695fffa993_mlb%20%2876%29.jpg', 'https://puddybuddybucket.s3.amazonaws.com/images/f8f2c1f7-84ce-4009-b5cb-ef7bf08788b8_mlb%20%2877%29.jpg', 'https://puddybuddybucket.s3.amazonaws.com/images/e51b5071-0218-4f07-9f48-bb395b5ef473_mlb%20%2878%29.jpg');
INSERT INTO `puddybuddy`.`clothes_photos` (`clothes_id`, `clothes_photo_id`, `photo1_url`, `photo2_url`, `photo3_url`) VALUES ('97', '97', 'https://puddybuddybucket.s3.amazonaws.com/images/71215254-5689-4d6a-80a4-fe6dede2ec64_mlb%20%2879%29.jpg', 'https://puddybuddybucket.s3.amazonaws.com/images/fdbaabec-f81f-4987-8800-6b987491bc2a_mlb%20%2880%29.jpg', 'https://puddybuddybucket.s3.amazonaws.com/images/6553c1a3-96b0-487f-9f96-2c2ef612ebff_mlb%20%2881%29.jpg');
INSERT INTO `puddybuddy`.`clothes_photos` (`clothes_id`, `clothes_photo_id`, `photo1_url`, `photo2_url`, `photo3_url`) VALUES ('98', '98', 'https://puddybuddybucket.s3.amazonaws.com/images/9a2a31f2-b69f-4c0c-b596-8df17d4ce4c6_mlb%20%2882%29.jpg', 'https://puddybuddybucket.s3.amazonaws.com/images/4c7ceaf1-8c8f-41e7-8811-aaae157e77d4_mlb%20%2883%29.jpg', 'https://puddybuddybucket.s3.amazonaws.com/images/0d4e8e06-7eb4-458b-8203-cdd9cd84478a_mlb%20%2884%29.jpg');
